Saison;Compétition;Journée;Date;Dom./Ext.;Pour;Contre;Résultat;Pos.;Minute;À ce moment;Type de but;Passeur
Saison 04/05;Saison 04/05;Saison 04/05;Saison 04/05;Saison 04/05;Saison 04/05;Saison 04/05;Saison 04/05;Saison 04/05;Saison 04/05;Saison 04/05;Saison 04/05;Saison 04/05
Saison 04/05;2ª B - Grupo III;2;05/09/2004;D;FC Barcelona (1.);Girona FC (5.);01:02;AiG;65';01:02;Tir du pied gauche;Dani Fernández
Saison 04/05;2ª B - Grupo III;4;18/09/2004;D;FC Barcelona (1.);RCD Espanyol B (17.);02:00;AiG;88';02:00;Tir du pied gauche;Dani Fernández
Saison 04/05;2ª B - Grupo III;10;31/10/2004;E;FC Barcelona (1.);Villajoyosa CF (8.);02:01;MO;2';00:01;Non rapporté;
Saison 04/05;2ª B - Grupo III;14;28/11/2004;E;FC Barcelona (1.);UE Figueres (15.);02:02;MO;20';00:01;Non rapporté;
Saison 04/05;2ª B - Grupo III;17;19/12/2004;D;FC Barcelona (1.);CD Alcoyano (11.);02:00;AC;40';02:00;Tir du pied gauche;
Saison 04/05;2ª B - Grupo III;33;23/04/2005;D;FC Barcelona (1.);UE Figueres (11.);02:02;MO;15';02:00;Tir du pied droit;Paco Montañés
Saison 04/05;LaLiga;34;01/05/2005;D;FC Barcelona (1.);Albacete (19.);02:00;AC;90'+1;02:00;Tir du pied gauche;Ronaldinho
Saison 05/06;Saison 05/06;Saison 05/06;Saison 05/06;Saison 05/06;Saison 05/06;Saison 05/06;Saison 05/06;Saison 05/06;Saison 05/06;Saison 05/06;Saison 05/06;Saison 05/06
Saison 05/06;UEFA Champions League;Gruppenphase;02/11/2005;D;FC Barcelona ;Panathinaikos;05:00;AiD;34';03:00;Tir du pied gauche;
Saison 05/06;LaLiga;13;27/11/2005;D;FC Barcelona (1.);Racing (18.);04:01;AiD;51';02:00;Tir du pied gauche;Samuel Eto'o
Saison 05/06;LaLiga;19;15/01/2006;D;FC Barcelona (1.);Athletic (19.);02:01;AiD;50';02:01;Tir du pied gauche;Mark van Bommel
Saison 05/06;LaLiga;20;22/01/2006;D;FC Barcelona (1.);Alavés (19.);02:00;AC;82';02:00;Tir du pied gauche;Ronaldinho
Saison 05/06;LaLiga;21;29/01/2006;E;FC Barcelona (1.);RCD Mallorca (17.);00:03;AC;75';00:02;Tir du pied droit;Sylvinho
Saison 05/06;Coupe du Roi;Viertelfinale;01/02/2006;D;FC Barcelona ;Real Zaragoza;02:01;AC;42';01:00;Tête;Ludovic Giuly
Saison 05/06;LaLiga;24;18/02/2006;D;FC Barcelona (1.);Real Betis (15.);05:01;AiD;84';05:01;Tir du pied gauche;
Saison 06/07;Saison 06/07;Saison 06/07;Saison 06/07;Saison 06/07;Saison 06/07;Saison 06/07;Saison 06/07;Saison 06/07;Saison 06/07;Saison 06/07;Saison 06/07;Saison 06/07
Saison 06/07;LaLiga;1;28/08/2006;E;FC Barcelona (2.);Celta de Vigo (18.);02:03;AiG;59';01:02;Tir du pied gauche;Andrés Iniesta
Saison 06/07;LaLiga;2;09/09/2006;D;FC Barcelona (4.);CA Osasuna (19.);03:00;AiD;36';03:00;Tir du pied gauche;Samuel Eto'o
Saison 06/07;UEFA Champions League;Gruppenphase;27/09/2006;E;FC Barcelona ;Werder Bremen;01:01;AiD;89';01:01;Tir du pied gauche;Deco
Saison 06/07;LaLiga;6;15/10/2006;D;FC Barcelona (1.);Séville FC (3.);03:01;AiD;80';03:01;Tir du pied droit;Xavi
Saison 06/07;LaLiga;26;10/03/2007;D;FC Barcelona (2.);Real Madrid (4.);03:03;AiD;11';01:01;Tir du pied gauche;Samuel Eto'o
Saison 06/07;;;;;;;;;28';02:02;Tir du pied gauche;
Saison 06/07;;;;;;;;;90'+1;03:03;Tir du pied gauche;Ronaldinho
Saison 06/07;LaLiga;27;17/03/2007;E;FC Barcelona (1.);Recr. Huelva (7.);00:04;AiD;86';00:04;Tir du pied gauche;
Saison 06/07;LaLiga;28;31/03/2007;D;FC Barcelona (1.);Dep. La Coruña (12.);02:01;AiD;45';01:00;Tir du pied gauche;Ronaldinho
Saison 06/07;Coupe du Roi;Halbfinale;18/04/2007;D;FC Barcelona ;FC Getafe;05:02;AiD;29';02:00;Action solitaire;Xavi
Saison 06/07;;;;;;;;;45';03:00;Tir du pied gauche;Deco
Saison 06/07;LaLiga;35;20/05/2007;E;FC Barcelona (2.);Atlético Madrid (6.);00:06;AiD;39';00:01;Tir du pied gauche;Samuel Eto'o
Saison 06/07;;;;;;;;;80';00:05;Tir du pied gauche;Giovanni van Bronckhorst
Saison 06/07;LaLiga;37;09/06/2007;D;FC Barcelona (2.);Esp. Barcelona (12.);02:02;AiD;43';01:01;Non rapporté;Gianluca Zambrotta
Saison 06/07;;;;;;;;;57';02:01;Tir du pied droit;Deco
Saison 06/07;LaLiga;38;17/06/2007;E;FC Barcelona (2.);Gimnàstic (20.);01:05;AiD;34';00:02;Tir du pied gauche;Deco
Saison 06/07;;;;;;;;;51';00:04;Tir du pied gauche;Deco
Saison 07/08;Saison 07/08;Saison 07/08;Saison 07/08;Saison 07/08;Saison 07/08;Saison 07/08;Saison 07/08;Saison 07/08;Saison 07/08;Saison 07/08;Saison 07/08;Saison 07/08
Saison 07/08;UEFA Champions League;Gruppenphase;19/09/2007;D;FC Barcelona ;Ol. Lyonnais;03:00;AiD;82';02:00;Tir du pied gauche;Andrés Iniesta
Saison 07/08;LaLiga;4;22/09/2007;D;FC Barcelona (5.);Séville FC (2.);02:01;AiD;72';01:00;Tir du pied gauche;Thierry Henry
Saison 07/08;;;;;;;;;79';02:00;Penalty;
Saison 07/08;LaLiga;5;26/09/2007;D;FC Barcelona (4.);Real Zaragoza (8.);04:01;AiD;5';01:00;Tir du pied gauche;Thierry Henry
Saison 07/08;;;;;;;;;10';02:01;Tir du pied gauche;Deco
Saison 07/08;LaLiga;6;29/09/2007;E;FC Barcelona (4.);UD Levante (20.);01:04;AiD;50';00:04;Tir du pied gauche;Deco
Saison 07/08;UEFA Champions League;Gruppenphase;02/10/2007;E;FC Barcelona ;VfB Stuttgart;00:02;AiD;66';00:02;Tir dévié dans le but;Thierry Henry
Saison 07/08;LaLiga;7;07/10/2007;D;FC Barcelona (4.);Atlético Madrid (5.);03:00;AiD;19';02:00;Tir du pied gauche;Ronaldinho
Saison 07/08;LaLiga;9;28/10/2007;D;FC Barcelona (4.);UD Almería (9.);02:00;AiD;80';02:00;Penalty;
Saison 07/08;UEFA Champions League;Gruppenphase;07/11/2007;D;FC Barcelona ;Glasgow Rangers;02:00;AiD;41';02:00;But de près;
Saison 07/08;LaLiga;13;24/11/2007;D;FC Barcelona (2.);Recr. Huelva (17.);03:00;AiD;81';03:00;Penalty;
Saison 07/08;UEFA Champions League;Gruppenphase;27/11/2007;E;FC Barcelona ;Ol. Lyonnais;02:02;AiD;58';01:02;Penalty;
Saison 07/08;UEFA Champions League;Achtelfinale;20/02/2008;E;FC Barcelona ;Celtic Glasgow;02:03;AiD;18';01:01;Tir du pied gauche;Deco
Saison 07/08;;;;;;;;;79';02:03;Tir du pied gauche;
Saison 07/08;LaLiga;25;24/02/2008;D;FC Barcelona (2.);UD Levante (20.);05:01;AiD;44';02:01;Tir du pied gauche;Xavi
Saison 07/08;LaLiga;35;04/05/2008;D;FC Barcelona (2.);FC Valencia (13.);06:00;AiD;5';01:00;Penalty;
Saison 08/09;Saison 08/09;Saison 08/09;Saison 08/09;Saison 08/09;Saison 08/09;Saison 08/09;Saison 08/09;Saison 08/09;Saison 08/09;Saison 08/09;Saison 08/09;Saison 08/09
Saison 08/09;LaLiga;2;13/09/2008;D;FC Barcelona (16.);Racing (12.);01:01;AiD;70';01:00;Penalty;
Saison 08/09;LaLiga;3;21/09/2008;E;FC Barcelona(17.);Sporting Gijón (20.);01:06;AiD;85';01:05;Tir du pied gauche;Andrés Iniesta
Saison 08/09;;;;;;;;;89';01:06;Tête;Xavi
Saison 08/09;LaLiga;5;27/09/2008;E;FC Barcelona (6.);Esp. Barcelona (8.);01:02;AiD;90';01:02;Penalty;
Saison 08/09;UEFA Champions League;Gruppenphase;01/10/2008;E;FC Barcelona ;Shakhtar D.;01:02;AiD;87';01:01;Tir du pied droit;Bojan Krkic
Saison 08/09;;;;;;;;;90'+2;01:02;Tir du pied gauche;Xavi
Saison 08/09;LaLiga;6;04/10/2008;D;FC Barcelona (5.);Atlético Madrid (7.);06:01;AiD;8';03:00;Coup-franc direct;
Saison 08/09;UEFA Champions League;Gruppenphase;22/10/2008;E;FC Barcelona ;FC Bâle;00:05;AC;4';00:01;Tir du pied gauche;Dani Alves
Saison 08/09;LaLiga;9;01/11/2008;E;FC Barcelona (2.);Málaga CF (6.);01:04;AiD;19';01:02;Tir du pied gauche;
Saison 08/09;UEFA Champions League;Gruppenphase;04/11/2008;D;FC Barcelona ;FC Bâle;01:01;AiD;61';01:00;Tir du pied gauche;Thierry Henry
Saison 08/09;Coupe du Roi;4.Runde;12/11/2008;D;FC Barcelona ;Benidorm;01:00;AiD;86';01:00;Rebond de penalty;
Saison 08/09;LaLiga;11;16/11/2008;E;FC Barcelona (1.);Recr. Huelva (17.);00:02;AiD;51';00:01;Tir du pied gauche;Xavi
Saison 08/09;UEFA Champions League;Gruppenphase;26/11/2008;E;FC Barcelona ;Sporting CP;02:05;AiD;49';00:03;Tir du pied gauche;Dani Alves
Saison 08/09;LaLiga;13;29/11/2008;E;FC Barcelona (1.);Séville FC (5.);00:03;AiD;78';00:02;Tir du pied gauche;Xavi
Saison 08/09;;;;;;;;;90'+2;00:03;Tir du pied gauche;Aleksandr Hleb
Saison 08/09;LaLiga;15;13/12/2008;D;FC Barcelona (1.);Real Madrid (5.);02:00;AiD;89';02:00;But en contre-attaque;Thierry Henry
Saison 08/09;Coupe du Roi;Achtelfinale;06/01/2009;E;FC Barcelona ;Atlético Madrid;01:03;AiD;11';00:01;Tir du pied gauche;Dani Alves
Saison 08/09;;;;;;;;;57';00:02;Penalty;
Saison 08/09;;;;;;;;;79';01:03;Tir du pied droit;Andrés Iniesta
Saison 08/09;LaLiga;18;11/01/2009;E;FC Barcelona (1.);CA Osasuna (20.);02:03;AiD;84';02:03;Tir du pied gauche;Dani Alves
Saison 08/09;LaLiga;19;17/01/2009;D;FC Barcelona (1.);Dep. La Coruña (7.);05:00;AiD;21';01:00;Tir du pied gauche;
Saison 08/09;LaLiga;20;24/01/2009;D;FC Barcelona (1.);CD Numancia (17.);04:01;AiD;49';01:00;Tir du pied gauche;Dani Alves
Saison 08/09;;;;;;;;;76';04:01;Tir du pied droit;
Saison 08/09;LaLiga;21;01/02/2009;E;FC Barcelona (1.);Racing (9.);01:02;AiD;65';01:01;Tir du pied droit;Xavi
Saison 08/09;;;;;;;;;81';01:02;Tir du pied droit;
Saison 08/09;LaLiga;25;01/03/2009;E;FC Barcelona (1.);Atlético Madrid (7.);04:03;AiD;30';00:02;Tir du pied gauche;
Saison 08/09;Coupe du Roi;Halbfinale;04/03/2009;E;FC Barcelona ;RCD Mallorca;01:01;AiD;81';01:01;Tir du pied gauche;Gerard Piqué
Saison 08/09;LaLiga;26;07/03/2009;D;FC Barcelona (1.);Athletic (11.);02:00;AiD;31';02:00;Penalty;
Saison 08/09;UEFA Champions League;Achtelfinale;11/03/2009;D;FC Barcelona ;Ol. Lyonnais;05:02;AiD;40';03:00;Tir du pied gauche;Samuel Eto'o
Saison 08/09;LaLiga;28;22/03/2009;D;FC Barcelona (1.);Málaga CF (6.);06:00;AiD;26';02:00;Tir du pied droit;Xavi
Saison 08/09;UEFA Champions League;Viertelfinale;08/04/2009;D;FC Barcelona ;Bayern Munich;04:00;AiD;9';01:00;Tir du pied gauche;Samuel Eto'o
Saison 08/09;;;;;;;;;38';03:00;Tir du pied droit;Thierry Henry
Saison 08/09;LaLiga;31;18/04/2009;E;FC Barcelona (1.);FC Getafe (14.);00:01;AiD;18';00:01;Tir du pied gauche;Xavi
Saison 08/09;LaLiga;33;25/04/2009;E;FC Barcelona (1.);FC Valencia (4.);02:02;AiD;23';00:01;Tir du pied gauche;Andrés Iniesta
Saison 08/09;LaLiga;34;02/05/2009;E;FC Barcelona (1.);Real Madrid (2.);02:06;AC;35';01:03;Tir du pied gauche;Xavi
Saison 08/09;;;;;;;;;75';02:05;Tir du pied gauche;Xavi
Saison 08/09;Coupe du Roi;Finale;13/05/2009;D;FC Barcelona ;Athletic;04:01;AiD;55';02:01;Tir du pied gauche;Samuel Eto'o
Saison 08/09;UEFA Champions League;Finale;27/05/2009;D;FC Barcelona ;Manchester Utd.;02:00;AiD;70';02:00;Tête;Xavi
Saison 09/10;Saison 09/10;Saison 09/10;Saison 09/10;Saison 09/10;Saison 09/10;Saison 09/10;Saison 09/10;Saison 09/10;Saison 09/10;Saison 09/10;Saison 09/10;Saison 09/10
Saison 09/10;Supercopa;Finale;23/08/2009;D;FC Barcelona ;Athletic;03:00;AiD;50';01:00;Tir du pied droit;Zlatan Ibrahimovi?
Saison 09/10;;;;;;;;;68';02:00;Penalty;
Saison 09/10;LaLiga;2;12/09/2009;E;FC Barcelona (2.);FC Getafe (1.);00:02;AiD;78';00:02;Tête;Zlatan Ibrahimovi?
Saison 09/10;LaLiga;3;19/09/2009;D;FC Barcelona (1.);Atlético Madrid (17.);05:02;AiD;15';02:00;Tir du pied gauche;Xavi
Saison 09/10;;;;;;;;;90'+3;05:02;Tir du pied droit;Dani Alves
Saison 09/10;LaLiga;4;22/09/2009;E;FC Barcelona (2.);Racing (10.);01:04;AiD;23';00:02;Tir du pied gauche;Xavi
Saison 09/10;;;;;;;;;63';00:04;Tir du pied gauche;Xavi
Saison 09/10;UEFA Champions League;Gruppenphase;29/09/2009;D;FC Barcelona ;Dynamo Kyiv;02:00;AiD;25';01:00;Tir du pied gauche;Andrés Iniesta
Saison 09/10;LaLiga;8;25/10/2009;D;FC Barcelona (1.);Real Zaragoza (13.);06:01;AiD;80';05:01;Tir du pied gauche;Andrés Iniesta
Saison 09/10;LaLiga;10;07/11/2009;D;FC Barcelona (1.);RCD Mallorca (5.);04:02;AiD;86';04:01;Penalty;
Saison 09/10;Coupe du Roi;4.Runde;10/11/2009;D;FC Barcelona ;CyD Leonesa;05:00;AiD;64';04:00;Tir du pied gauche;Pedro
Saison 09/10;LaLiga;13;05/12/2009;E;FC Barcelona (1.);Dep. La Coruña (5.);01:03;AiD;26';00:01;Tir du pied gauche;Dani Alves
Saison 09/10;;;;;;;;;80';01:02;Tête;Pedro
Saison 09/10;UEFA Champions League;Gruppenphase;09/12/2009;E;FC Barcelona ;Dynamo Kyiv;01:02;AiD;86';01:02;Coup-franc direct;
Saison 09/10;Mondial des clubs;Halbfinale;16/12/2009;E;FC Barcelona ;Atlante;01:03;AiD;55';01:02;Tir du pied gauche;Zlatan Ibrahimovi?
Saison 09/10;Mondial des clubs;Finale;19/12/2009;E;FC Barcelona ;Estudiantes LP;1:2 ap;AiD;110';01:02;Torse;Dani Alves
Saison 09/10;LaLiga;17;10/01/2010;E;FC Barcelona (1.);CD Tenerife (17.);00:05;AiD;36';00:01;Tir du pied gauche;Bojan Krkic
Saison 09/10;;;;;;;;;45';00:03;Tir du pied droit;Bojan Krkic
Saison 09/10;;;;;;;;;75';00:04;Tir du pied gauche;Bojan Krkic
Saison 09/10;LaLiga;18;16/01/2010;D;FC Barcelona (1.);Séville FC (5.);04:00;AiD;85';03:00;Tir du pied gauche;Dani Alves
Saison 09/10;;;;;;;;;90'+1;04:00;Tir du pied gauche;Éric Abidal
Saison 09/10;LaLiga;19;23/01/2010;E;FC Barcelona (1.);Real Valladolid (17.);00:03;AiD;54';00:03;Tir du pied gauche;Zlatan Ibrahimovi?
Saison 09/10;LaLiga;21;06/02/2010;D;FC Barcelona (1.);FC Getafe (7.);02:01;AiD;7';01:00;Tir du pied gauche;Yaya Touré
Saison 09/10;LaLiga;24;27/02/2010;D;FC Barcelona (1.);Málaga CF (12.);02:01;MO;84';02:01;Tir du pied droit;Dani Alves
Saison 09/10;LaLiga;25;06/03/2010;E;FC Barcelona (1.);UD Almería (13.);02:02;AiD;42';01:01;Coup-franc direct;
Saison 09/10;;;;;;;;;66';02:02;Tir du pied gauche;
Saison 09/10;LaLiga;26;14/03/2010;D;FC Barcelona (1.);FC Valencia (3.);03:00;AC;56';01:00;Tir du pied gauche;Xavi
Saison 09/10;;;;;;;;;80';02:00;Tir du pied gauche;Thierry Henry
Saison 09/10;;;;;;;;;82';03:00;Tir du pied droit;Thierry Henry
Saison 09/10;UEFA Champions League;Achtelfinale;17/03/2010;D;FC Barcelona ;VfB Stuttgart;04:00;AC;13';01:00;Tir du pied gauche;Yaya Touré
Saison 09/10;;;;;;;;;56';03:00;Tir du pied gauche;Dani Alves
Saison 09/10;LaLiga;27;21/03/2010;E;FC Barcelona (1.);Real Zaragoza (17.);02:04;AiD;4';00:01;Tête;Pedro
Saison 09/10;;;;;;;;;65';00:02;Tir du pied gauche;
Saison 09/10;;;;;;;;;78';00:03;Tir du pied gauche;Andrés Iniesta
Saison 09/10;LaLiga;30;03/04/2010;D;FC Barcelona (1.);Athletic (6.);04:01;AC;67';04:00;Tir du pied gauche;Pedro
Saison 09/10;UEFA Champions League;Viertelfinale;06/04/2010;D;FC Barcelona ;Arsenal;04:01;AC;21';01:01;Tir du pied gauche;
Saison 09/10;;;;;;;;;37';02:01;Tir du pied droit;Pedro
Saison 09/10;;;;;;;;;42';03:01;Tir du pied gauche;Seydou Keita
Saison 09/10;;;;;;;;;88';04:01;Action solitaire;
Saison 09/10;LaLiga;31;10/04/2010;E;FC Barcelona (1.);Real Madrid (2.);00:02;AC;32';00:01;Tir du pied droit;Xavi
Saison 09/10;LaLiga;35;01/05/2010;E;FC Barcelona (1.);Villarreal CF (6.);01:04;AC;18';00:01;Tir du pied gauche;Xavi
Saison 09/10;;;;;;;;;87';01:04;Tir du pied gauche;Dani Alves
Saison 09/10;LaLiga;36;04/05/2010;D;FC Barcelona (1.);CD Tenerife (18.);04:01;AiD;16';01:00;Tir du pied droit;Zlatan Ibrahimovi?
Saison 09/10;;;;;;;;;90'+3;04:01;Tir du pied droit;Dani Alves
Saison 09/10;LaLiga;37;08/05/2010;E;FC Barcelona (1.);Séville FC (4.);02:03;AC;5';00:01;Tir du pied gauche;Maxwell
Saison 09/10;LaLiga;38;16/05/2010;D;FC Barcelona (1.);Real Valladolid (16.);04:00;AC;61';03:00;Tir du pied droit;Yaya Touré
Saison 09/10;;;;;;;;;74';04:00;Tir du pied gauche;Yaya Touré
Saison 10/11;Saison 10/11;Saison 10/11;Saison 10/11;Saison 10/11;Saison 10/11;Saison 10/11;Saison 10/11;Saison 10/11;Saison 10/11;Saison 10/11;Saison 10/11;Saison 10/11
Saison 10/11;Supercopa;Finale;21/08/2010;D;FC Barcelona ;Séville FC;04:00;AiD;25';02:00;Tir du pied gauche;Xavi
Saison 10/11;;;;;;;;;43';03:00;Tir du pied droit;Dani Alves
Saison 10/11;;;;;;;;;90'+1;04:00;Tir du pied gauche;Andrés Iniesta
Saison 10/11;LaLiga;1;29/08/2010;E;FC Barcelona (1.);Racing (12.);00:03;AiD;3';00:01;Tir du pied gauche;Andrés Iniesta
Saison 10/11;UEFA Champions League;Gruppenphase;14/09/2010;D;FC Barcelona ;Panathinaikos;05:01;AC;22';01:01;Tir du pied gauche;Xavi
Saison 10/11;;;;;;;;;45';03:01;Tir du pied gauche;Pedro
Saison 10/11;LaLiga;3;19/09/2010;E;FC Barcelona (11.);Atlético Madrid (1.);01:02;AC;12';00:01;Tir du pied gauche;Pedro
Saison 10/11;LaLiga;6;03/10/2010;D;FC Barcelona (3.);RCD Mallorca (11.);01:01;AC;20';01:00;Tir du pied gauche;Pedro
Saison 10/11;UEFA Champions League;Gruppenphase;20/10/2010;D;FC Barcelona ;FC Copenhague;02:00;AC;18';01:00;Tir du pied gauche;Andrés Iniesta
Saison 10/11;;;;;;;;;90'+1;02:00;Tir du pied gauche;Éric Abidal
Saison 10/11;LaLiga;8;23/10/2010;E;FC Barcelona (2.);Real Zaragoza (20.);00:02;AC;41';00:01;Tir du pied gauche;David Villa
Saison 10/11;;;;;;;;;65';00:02;Tir du pied gauche;
Saison 10/11;LaLiga;9;30/10/2010;D;FC Barcelona (3.);Séville FC (6.);05:00;AiD;4';01:00;Tir du pied gauche;
Saison 10/11;;;;;;;;;63';04:00;Tir du pied gauche;
Saison 10/11;UEFA Champions League;Gruppenphase;02/11/2010;E;FC Barcelona ;FC Copenhague;01:01;AiD;31';00:01;Tir du pied droit;
Saison 10/11;LaLiga;10;07/11/2010;E;FC Barcelona (2.);FC Getafe (10.);01:03;AC;23';00:01;Tir du pied gauche;David Villa
Saison 10/11;Coupe du Roi;4.Runde;10/11/2010;D;FC Barcelona ;Atlético Ceuta;05:01;AiD;67';05:01;Tir du pied gauche;Thiago Alcántara
Saison 10/11;LaLiga;11;13/11/2010;D;FC Barcelona (2.);Villarreal CF (3.);03:01;AC;58';02:01;Tir du pied droit;Pedro
Saison 10/11;;;;;;;;;83';03:01;Tir du pied gauche;Pedro
Saison 10/11;LaLiga;12;20/11/2010;E;FC Barcelona (2.);UD Almería (18.);00:08;AC;16';00:01;Tir du pied gauche;David Villa
Saison 10/11;;;;;;;;;36';00:05;But de près;
Saison 10/11;;;;;;;;;67';00:07;But de près;David Villa
Saison 10/11;UEFA Champions League;Gruppenphase;24/11/2010;E;FC Barcelona ;Panathinaikos;00:03;AC;63';00:02;Tir du pied gauche;Adriano
Saison 10/11;LaLiga;14;04/12/2010;E;FC Barcelona (1.);CA Osasuna (12.);00:03;AC;64';00:02;Tir du pied gauche;David Villa
Saison 10/11;;;;;;;;;82';00:03;Penalty;
Saison 10/11;LaLiga;15;12/12/2010;D;FC Barcelona (1.);Real Sociedad (6.);05:00;AC;46';03:00;Tir du pied gauche;Dani Alves
Saison 10/11;;;;;;;;;86';04:00;Tir du pied gauche;Bojan Krkic
Saison 10/11;LaLiga;18;08/01/2011;E;FC Barcelona (1.);Dep. La Coruña (12.);00:04;AC;51';00:02;Coup-franc direct;
Saison 10/11;Coupe du Roi;Viertelfinale;12/01/2011;D;FC Barcelona ;Real Betis;05:00;AC;44';01:00;Tir du pied gauche;Andrés Iniesta
Saison 10/11;;;;;;;;;63';02:00;Tir du pied gauche;
Saison 10/11;;;;;;;;;73';03:00;Tir du pied gauche;Xavi
Saison 10/11;Coupe du Roi;Viertelfinale;19/01/2011;E;FC Barcelona ;Real Betis;03:01;AiD;37';02:01;Tir du pied gauche;Xavi
Saison 10/11;LaLiga;20;22/01/2011;D;FC Barcelona (1.);Racing (14.);03:00;AC;33';02:00;Penalty;
Saison 10/11;Coupe du Roi;Halbfinale;26/01/2011;D;FC Barcelona ;UD Almería;05:00;AC;9';01:00;Tir du pied gauche;Pedro
Saison 10/11;;;;;;;;;15';03:00;Tir du pied gauche;Andrés Iniesta
Saison 10/11;LaLiga;21;29/01/2011;E;FC Barcelona (1.);Hércules CF (12.);00:03;AC;87';00:02;Tir du pied gauche;Dani Alves
Saison 10/11;;;;;;;;;89';00:03;Tir du pied gauche;Dani Alves
Saison 10/11;LaLiga;22;05/02/2011;D;FC Barcelona (1.);Atlético Madrid (8.);03:00;AC;16';01:00;Tir du pied gauche;Dani Alves
Saison 10/11;;;;;;;;;28';02:00;Tir du pied gauche;Pedro
Saison 10/11;;;;;;;;;78';03:00;Tir du pied gauche;David Villa
Saison 10/11;LaLiga;24;20/02/2011;D;FC Barcelona (1.);Athletic (5.);02:01;AC;78';02:01;Tir du pied droit;Dani Alves
Saison 10/11;LaLiga;25;26/02/2011;E;FC Barcelona (1.);RCD Mallorca (11.);00:03;AC;38';00:01;Tête;Seydou Keita
Saison 10/11;LaLiga;26;02/03/2011;E;FC Barcelona (1.);FC Valencia (3.);00:01;AC;77';00:01;Tir du pied gauche;Adriano
Saison 10/11;UEFA Champions League;Achtelfinale;08/03/2011;D;FC Barcelona ;Arsenal;03:01;AC;49';01:00;Tir du pied gauche;Andrés Iniesta
Saison 10/11;;;;;;;;;72';03:01;Penalty;
Saison 10/11;LaLiga;31;09/04/2011;D;FC Barcelona (1.);UD Almería (20.);03:01;AC;52';01:01;Penalty;
Saison 10/11;;;;;;;;;90'+1;03:01;Tir du pied gauche;Seydou Keita
Saison 10/11;UEFA Champions League;Viertelfinale;12/04/2011;E;FC Barcelona ;Shakhtar D.;00:01;AC;42';00:01;Tir du pied gauche;Dani Alves
Saison 10/11;LaLiga;32;16/04/2011;E;FC Barcelona (1.);Real Madrid (2.);01:01;AC;53';00:01;Penalty;
Saison 10/11;LaLiga;33;23/04/2011;D;FC Barcelona (1.);CA Osasuna (16.);02:00;AC;87';02:00;Tir du pied droit;Dani Alves
Saison 10/11;UEFA Champions League;Halbfinale;27/04/2011;E;FC Barcelona ;Real Madrid;00:02;AC;76';00:01;Tir du pied gauche;Ibrahim Afellay
Saison 10/11;;;;;;;;;87';00:02;Action solitaire;Sergio Busquets
Saison 10/11;UEFA Champions League;Finale;28/05/2011;D;FC Barcelona ;Manchester Utd.;03:01;AC;54';02:01;Tir du pied gauche;Andrés Iniesta
Saison 11/12;Saison 11/12;Saison 11/12;Saison 11/12;Saison 11/12;Saison 11/12;Saison 11/12;Saison 11/12;Saison 11/12;Saison 11/12;Saison 11/12;Saison 11/12;Saison 11/12
Saison 11/12;Supercopa;Finale;14/08/2011;E;FC Barcelona ;Real Madrid;02:02;AC;45';01:02;Tir du pied gauche;Alexis Sánchez
Saison 11/12;Supercopa;Finale;17/08/2011;D;FC Barcelona ;Real Madrid;03:02;AC;44';02:01;Tir du pied droit;Gerard Piqué
Saison 11/12;;;;;;;;;88';03:02;Tir du pied gauche;Adriano
Saison 11/12;Supercoupe de l'UEFA;Finale;26/08/2011;D;FC Barcelona ;FC Porto;02:00;AC;39';01:00;Tir du pied gauche;
Saison 11/12;LaLiga;2;29/08/2011;D;FC Barcelona (2.);Villarreal CF (5.);05:00;AC;51';04:00;Tir du pied droit;Andrés Iniesta
Saison 11/12;;;;;;;;;74';05:00;Tir du pied gauche;Thiago Alcántara
Saison 11/12;LaLiga;4;17/09/2011;D;FC Barcelona (2.);CA Osasuna (8.);08:00;AC;5';01:00;Tir du pied gauche;Dani Alves
Saison 11/12;;;;;;;;;41';05:00;Tir du pied gauche;Cesc Fàbregas
Saison 11/12;;;;;;;;;79';08:00;Tir du pied gauche;Cesc Fàbregas
Saison 11/12;LaLiga;6;24/09/2011;D;FC Barcelona (2.);Atlético Madrid (4.);05:00;AC;26';03:00;Tir du pied gauche;Pedro
Saison 11/12;;;;;;;;;78';04:00;Tir du pied gauche;Dani Alves
Saison 11/12;;;;;;;;;90'+1;05:00;Tir du pied gauche;David Villa
Saison 11/12;UEFA Champions League;Gruppenphase;28/09/2011;E;FC Barcelona ;BATE Borisov;00:05;AC;38';00:03;Tête;
Saison 11/12;;;;;;;;;56';00:04;Tir du pied gauche;Dani Alves
Saison 11/12;LaLiga;8;15/10/2011;D;FC Barcelona (1.);Racing (18.);03:00;AC;11';01:00;Tir du pied droit;Andrés Iniesta
Saison 11/12;;;;;;;;;69';03:00;Tir du pied droit;
Saison 11/12;LaLiga;11;29/10/2011;D;FC Barcelona (2.);RCD Mallorca (11.);05:00;AC;13';01:00;Penalty;
Saison 11/12;;;;;;;;;21';02:00;Tir du pied droit;Adriano
Saison 11/12;;;;;;;;;30';03:00;Tir du pied gauche;Dani Alves
Saison 11/12;UEFA Champions League;Gruppenphase;01/11/2011;E;FC Barcelona ;Viktoria Plzen;00:04;AC;24';00:01;Penalty;
Saison 11/12;;;;;;;;;45'+2;00:02;Tir du pied gauche;Adriano
Saison 11/12;;;;;;;;;90'+2;00:04;Tir du pied gauche;Gerard Piqué
Saison 11/12;LaLiga;12;06/11/2011;E;FC Barcelona (2.);Athletic (11.);02:02;AC;90';02:02;Tir du pied gauche;
Saison 11/12;LaLiga;13;19/11/2011;D;FC Barcelona (2.);Real Zaragoza (16.);04:00;AC;43';02:00;Tir du pied droit;Cesc Fàbregas
Saison 11/12;UEFA Champions League;Gruppenphase;23/11/2011;E;FC Barcelona ;AC Milan;02:03;AC;31';01:02;Penalty;
Saison 11/12;LaLiga;17;29/11/2011;D;FC Barcelona (2.);Rayo Vallecano (15.);04:00;AC;49';04:00;Tir du pied gauche;Dani Alves
Saison 11/12;LaLiga;15;03/12/2011;D;FC Barcelona (2.);UD Levante (4.);05:00;AC;55';04:00;Tir du pied gauche;Dani Alves
Saison 11/12;Mondial des clubs;Finale;18/12/2011;E;FC Barcelona ;Santos;00:04;AiD;17';00:01;Tir du pied gauche;Xavi
Saison 11/12;;;;;;;;;82';00:04;Tir du pied gauche;Dani Alves
Saison 11/12;Coupe du Roi;Achtelfinale;04/01/2012;D;FC Barcelona ;CA Osasuna;04:00;AC;71';03:00;Tête;Cesc Fàbregas
Saison 11/12;;;;;;;;;90';04:00;Tir du pied gauche;Xavi
Saison 11/12;LaLiga;19;15/01/2012;D;FC Barcelona (2.);Real Betis (10.);04:02;AC;12';02:00;Tir du pied droit;Alexis Sánchez
Saison 11/12;;;;;;;;;86';04:02;Penalty;
Saison 11/12;LaLiga;1;22/01/2012;E;FC Barcelona (2.);Málaga CF (4.);01:04;AC;32';00:01;Tête;Adriano
Saison 11/12;;;;;;;;;51';00:03;Tir du pied gauche;Thiago Alcántara
Saison 11/12;;;;;;;;;77';00:04;Tir du pied gauche;Pedro
Saison 11/12;LaLiga;22;04/02/2012;D;FC Barcelona (2.);Real Sociedad (14.);02:01;AC;72';02:00;Tir du pied gauche;Dani Alves
Saison 11/12;UEFA Champions League;Achtelfinale;14/02/2012;E;FC Barcelona ;B. Leverkusen;01:03;AC;88';01:03;Tir du pied gauche;Dani Alves
Saison 11/12;LaLiga;24;19/02/2012;D;FC Barcelona (2.);FC Valencia (3.);05:01;AC;21';01:01;Tir du pied gauche;
Saison 11/12;;;;;;;;;27';02:01;But de près;
Saison 11/12;;;;;;;;;75';03:01;Tir du pied gauche;Cristian Tello
Saison 11/12;;;;;;;;;84';04:01;Tir du pied gauche;Sergio Busquets
Saison 11/12;LaLiga;25;26/02/2012;E;FC Barcelona (2.);Atlético Madrid (6.);01:02;AC;79';01:02;Coup-franc direct;
Saison 11/12;UEFA Champions League;Achtelfinale;07/03/2012;D;FC Barcelona ;B. Leverkusen;07:01;AC;25';01:00;Tir du pied gauche;Xavi
Saison 11/12;;;;;;;;;42';02:00;Tir du pied gauche;Andrés Iniesta
Saison 11/12;;;;;;;;;50';03:00;Tir du pied droit;Cesc Fàbregas
Saison 11/12;;;;;;;;;58';05:00;Tir du pied gauche;
Saison 11/12;;;;;;;;;85';07:00;Tir du pied gauche;Seydou Keita
Saison 11/12;LaLiga;27;11/03/2012;E;FC Barcelona (2.);Racing (18.);00:02;AC;29';00:01;Tir du pied gauche;Cesc Fàbregas
Saison 11/12;;;;;;;;;56';00:02;Penalty;
Saison 11/12;LaLiga;28;17/03/2012;E;FC Barcelona (2.);Séville FC (14.);00:02;AC;25';00:02;Tir du pied gauche;Andrés Iniesta
Saison 11/12;LaLiga;29;20/03/2012;D;FC Barcelona (2.);FC Granada (14.);05:03;AC;16';02:00;Tir du pied gauche;Isaac Cuenca
Saison 11/12;;;;;;;;;66';03:02;Tir du pied gauche;Dani Alves
Saison 11/12;;;;;;;;;85';05:02;Tir du pied gauche;Dani Alves
Saison 11/12;LaLiga;30;24/03/2012;E;FC Barcelona (2.);RCD Mallorca (9.);00:02;AC;25';00:01;Coup-franc direct;
Saison 11/12;LaLiga;31;31/03/2012;D;FC Barcelona (2.);Athletic (12.);02:00;AC;57';02:00;Penalty;
Saison 11/12;UEFA Champions League;Viertelfinale;03/04/2012;D;FC Barcelona ;AC Milan;03:01;AiD;11';01:00;Penalty;
Saison 11/12;;;;;;;;;42';02:01;Penalty;
Saison 11/12;LaLiga;32;07/04/2012;E;FC Barcelona (2.);Real Zaragoza (18.);01:04;AC;39';01:02;Tir du pied gauche;Alexis Sánchez
Saison 11/12;;;;;;;;;86';01:03;Penalty;
Saison 11/12;LaLiga;33;10/04/2012;D;FC Barcelona (2.);FC Getafe (7.);04:00;AC;44';02:00;Tir du pied gauche;Andrés Iniesta
Saison 11/12;LaLiga;34;14/04/2012;E;FC Barcelona (2.);UD Levante (5.);01:02;AC;64';01:01;Tir du pied gauche;Alexis Sánchez
Saison 11/12;;;;;;;;;73';01:02;Penalty;
Saison 11/12;LaLiga;36;29/04/2012;E;FC Barcelona (2.);Rayo Vallecano (17.);00:07;AC;16';00:01;Tir du pied gauche;Pedro
Saison 11/12;;;;;;;;;88';00:07;Tir du pied gauche;Pedro
Saison 11/12;LaLiga;20;02/05/2012;D;FC Barcelona (2.);Málaga CF (10.);04:01;AC;34';02:01;Penalty;
Saison 11/12;;;;;;;;;60';03:01;Penalty;
Saison 11/12;;;;;;;;;63';04:01;Tir du pied gauche;Andrés Iniesta
Saison 11/12;LaLiga;37;05/05/2012;D;FC Barcelona (2.);Esp. Barcelona (13.);04:00;AC;11';01:00;Coup-franc direct;
Saison 11/12;;;;;;;;;63';02:00;Penalty;
Saison 11/12;;;;;;;;;73';03:00;Tir du pied gauche;Adriano
Saison 11/12;;;;;;;;;78';04:00;Penalty;
Saison 11/12;Coupe du Roi;Finale;25/05/2012;D;FC Barcelona ;Athletic;03:00;AC;20';02:00;Tir du pied droit;Andrés Iniesta
Saison 12/13;Saison 12/13;Saison 12/13;Saison 12/13;Saison 12/13;Saison 12/13;Saison 12/13;Saison 12/13;Saison 12/13;Saison 12/13;Saison 12/13;Saison 12/13;Saison 12/13
Saison 12/13;LaLiga;1;19/08/2012;D;FC Barcelona (1.);Real Sociedad (4.);05:01;AC;11';02:01;Tir du pied gauche;Pedro
Saison 12/13;;;;;;;;;16';03:01;Tir du pied gauche;Cristian Tello
Saison 12/13;Supercopa;Finale;23/08/2012;D;FC Barcelona ;Real Madrid;03:02;AC;70';02:01;Penalty;
Saison 12/13;LaLiga;2;26/08/2012;E;FC Barcelona (1.);CA Osasuna (19.);01:02;AC;76';01:01;Tir du pied gauche;Alexis Sánchez
Saison 12/13;;;;;;;;;80';01:02;Tir du pied gauche;Jordi Alba
Saison 12/13;Supercopa;Finale;29/08/2012;E;FC Barcelona ;Real Madrid;02:01;AC;45';02:01;Coup-franc direct;
Saison 12/13;LaLiga;4;15/09/2012;E;FC Barcelona (1.);FC Getafe (9.);01:04;AC;74';00:02;Penalty;
Saison 12/13;;;;;;;;;78';00:03;Tir du pied gauche;Pedro
Saison 12/13;UEFA Champions League;Gruppenphase;19/09/2012;D;FC Barcelona ;Spartak Moscou;03:02;AC;71';02:02;Tir du pied gauche;Cristian Tello
Saison 12/13;;;;;;;;;80';03:02;Tête;Alexis Sánchez
Saison 12/13;LaLiga;7;07/10/2012;D;FC Barcelona (1.);Real Madrid (6.);02:02;AC;31';01:01;Tir du pied gauche;
Saison 12/13;;;;;;;;;60';02:01;Coup-franc direct;
Saison 12/13;LaLiga;8;20/10/2012;E;FC Barcelona (1.);Dep. La Coruña (18.);04:05;AC;17';00:03;Tir du pied gauche;Cesc Fàbregas
Saison 12/13;;;;;;;;;43';02:04;Tir du pied gauche;Cesc Fàbregas
Saison 12/13;;;;;;;;;76';03:05;Tir du pied gauche;Xavi
Saison 12/13;LaLiga;9;27/10/2012;E;FC Barcelona (1.);Rayo Vallecano (12.);00:05;AC;48';00:02;Tir du pied gauche;Martín Montoya
Saison 12/13;;;;;;;;;89';00:05;Tir du pied droit;Cesc Fàbregas
Saison 12/13;UEFA Champions League;Gruppenphase;07/11/2012;E;FC Barcelona ;Celtic Glasgow;02:01;AC;90'+1;02:01;But de près;
Saison 12/13;LaLiga;11;11/11/2012;E;FC Barcelona (1.);RCD Mallorca (13.);02:04;AC;43';00:02;Tir du pied gauche;Sergio Busquets
Saison 12/13;;;;;;;;;70';02:04;Tir du pied gauche;Alexis Sánchez
Saison 12/13;LaLiga;12;17/11/2012;D;FC Barcelona (1.);Real Zaragoza (10.);03:01;AC;15';01:00;Tir du pied gauche;Jordi Alba
Saison 12/13;;;;;;;;;60';03:01;Tir du pied gauche;Martín Montoya
Saison 12/13;UEFA Champions League;Gruppenphase;20/11/2012;E;FC Barcelona ;Spartak Moscou;00:03;AC;27';00:02;Tir du pied droit;
Saison 12/13;;;;;;;;;39';00:03;Tir du pied gauche;Pedro
Saison 12/13;LaLiga;13;25/11/2012;E;FC Barcelona (1.);UD Levante (4.);00:04;AC;46';00:01;Tir du pied gauche;Andrés Iniesta
Saison 12/13;;;;;;;;;51';00:02;Tir du pied gauche;Andrés Iniesta
Saison 12/13;LaLiga;14;01/12/2012;D;FC Barcelona (1.);Athletic (14.);05:01;AC;25';02:00;Tir du pied gauche;Xavi
Saison 12/13;;;;;;;;;70';05:01;Tir du pied droit;Pedro
Saison 12/13;LaLiga;15;09/12/2012;E;FC Barcelona (1.);Real Betis (4.);01:02;AC;16';00:01;Tir du pied gauche;Andrés Iniesta
Saison 12/13;;;;;;;;;25';00:02;Tir du pied gauche;Andrés Iniesta
Saison 12/13;Coupe du Roi;Achtelfinale;12/12/2012;E;FC Barcelona ;FC Córdoba;00:02;AC;10';00:01;Tir du pied gauche;David Villa
Saison 12/13;;;;;;;;;73';00:02;Tir du pied gauche;Alexis Sánchez
Saison 12/13;LaLiga;16;16/12/2012;D;FC Barcelona (1.);Atlético Madrid (2.);04:01;AC;58';03:01;Tir du pied gauche;Alexis Sánchez
Saison 12/13;;;;;;;;;88';04:01;Tir du pied gauche;
Saison 12/13;LaLiga;17;22/12/2012;E;FC Barcelona (1.);Real Valladolid (8.);01:03;AC;59';00:02;Tir du pied gauche;Xavi
Saison 12/13;LaLiga;18;06/01/2013;D;FC Barcelona (1.);Esp. Barcelona (18.);04:00;AC;28';04:00;Penalty;
Saison 12/13;LaLiga;19;13/01/2013;E;FC Barcelona (1.);Málaga CF (4.);01:03;AC;26';00:01;Tir du pied droit;
Saison 12/13;Coupe du Roi;Viertelfinale;16/01/2013;D;FC Barcelona ;Málaga CF;02:02;AC;29';01:01;Tir du pied gauche;
Saison 12/13;LaLiga;20;19/01/2013;E;FC Barcelona (1.);Real Sociedad (9.);03:02;AC;6';00:01;Tir du pied gauche;Andrés Iniesta
Saison 12/13;Coupe du Roi;Viertelfinale;24/01/2013;E;FC Barcelona ;Málaga CF;02:04;AC;79';02:04;Tête;Dani Alves
Saison 12/13;LaLiga;21;27/01/2013;D;FC Barcelona (1.);CA Osasuna (18.);05:01;AC;11';01:00;Tir du pied droit;Xavi
Saison 12/13;;;;;;;;;28';02:01;Penalty;
Saison 12/13;;;;;;;;;56';04:01;Tir du pied gauche;David Villa
Saison 12/13;;;;;;;;;58';05:01;Tir du pied gauche;Adriano
Saison 12/13;LaLiga;22;03/02/2013;E;FC Barcelona (1.);FC Valencia (8.);01:01;AC;39';01:01;Penalty;
Saison 12/13;LaLiga;23;10/02/2013;D;FC Barcelona (1.);FC Getafe (11.);06:01;AC;13';02:00;Tir du pied gauche;Thiago Alcántara
Saison 12/13;LaLiga;24;16/02/2013;E;FC Barcelona (1.);FC Granada (15.);01:02;AC;49';01:01;Tir du pied gauche;
Saison 12/13;;;;;;;;;73';01:02;Coup-franc direct;
Saison 12/13;LaLiga;25;23/02/2013;D;FC Barcelona (1.);Séville FC (10.);02:01;AC;60';02:01;Tir du pied gauche;Cristian Tello
Saison 12/13;LaLiga;26;02/03/2013;E;FC Barcelona (1.);Real Madrid (3.);02:01;AC;18';01:01;Tir du pied gauche;Dani Alves
Saison 12/13;LaLiga;27;09/03/2013;D;FC Barcelona (1.);Dep. La Coruña (20.);02:00;AC;88';02:00;Tir du pied gauche;Alexis Sánchez
Saison 12/13;UEFA Champions League;Achtelfinale;12/03/2013;D;FC Barcelona ;AC Milan;04:00;AC;5';01:00;Tir du pied gauche;Xavi
Saison 12/13;;;;;;;;;40';02:00;Tir du pied gauche;Andrés Iniesta
Saison 12/13;LaLiga;28;17/03/2013;D;FC Barcelona (1.);Rayo Vallecano (8.);03:01;AC;40';02:00;Tir du pied gauche;David Villa
Saison 12/13;;;;;;;;;57';03:00;Tir du pied gauche;David Villa
Saison 12/13;LaLiga;29;30/03/2013;E;FC Barcelona (1.);Celta de Vigo (19.);02:02;AC;73';01:02;Tir du pied gauche;Cristian Tello
Saison 12/13;UEFA Champions League;Viertelfinale;02/04/2013;E;FC Barcelona ;Paris SG;02:02;AC;38';00:01;Tir du pied gauche;Dani Alves
Saison 12/13;LaLiga;33;27/04/2013;E;FC Barcelona (1.);Athletic (14.);02:02;AC;67';01:01;Tir du pied gauche;Thiago Alcántara
Saison 12/13;LaLiga;34;05/05/2013;D;FC Barcelona (1.);Real Betis (7.);04:02;AC;60';03:02;Coup-franc direct;
Saison 12/13;;;;;;;;;71';04:02;Tir du pied gauche;Alexis Sánchez
Saison 13/14;Saison 13/14;Saison 13/14;Saison 13/14;Saison 13/14;Saison 13/14;Saison 13/14;Saison 13/14;Saison 13/14;Saison 13/14;Saison 13/14;Saison 13/14;Saison 13/14
Saison 13/14;LaLiga;1;18/08/2013;D;FC Barcelona (2.);UD Levante (10.);07:00;AC;13';02:00;Tir du pied gauche;Pedro
Saison 13/14;;;;;;;;;42';05:00;Penalty;
Saison 13/14;LaLiga;3;01/09/2013;E;FC Barcelona (1.);FC Valencia (10.);02:03;AC;11';00:01;Tir du pied gauche;Cesc Fàbregas
Saison 13/14;;;;;;;;;38';00:02;Tir du pied droit;Cesc Fàbregas
Saison 13/14;;;;;;;;;41';00:03;Tir du pied gauche;Neymar
Saison 13/14;LaLiga;4;14/09/2013;D;FC Barcelona (1.);Séville FC (16.);03:02;AC;75';02:00;Tir du pied gauche;Neymar
Saison 13/14;UEFA Champions League;Gruppenphase;18/09/2013;D;FC Barcelona ;Ajax;04:00;AC;22';01:00;Coup-franc direct;
Saison 13/14;;;;;;;;;55';02:00;Tir du pied gauche;Sergio Busquets
Saison 13/14;;;;;;;;;75';04:00;Tir du pied gauche;Xavi
Saison 13/14;LaLiga;6;24/09/2013;D;FC Barcelona (1.);Real Sociedad (7.);04:01;AC;8';02:00;Tête;Neymar
Saison 13/14;LaLiga;7;28/09/2013;E;FC Barcelona (1.);UD Almería (19.);00:02;AC;21';00:01;Tir du pied gauche;Pedro
Saison 13/14;UEFA Champions League;Gruppenphase;22/10/2013;E;FC Barcelona ;AC Milan;01:01;AC;23';01:01;Tir du pied gauche;Andrés Iniesta
Saison 13/14;UEFA Champions League;Gruppenphase;06/11/2013;D;FC Barcelona ;AC Milan;03:01;AC;30';01:00;Penalty;
Saison 13/14;;;;;;;;;83';03:01;Tir du pied gauche;Cesc Fàbregas
Saison 13/14;Coupe du Roi;Achtelfinale;08/01/2014;D;FC Barcelona ;FC Getafe;04:00;AC;90';03:00;Tir du pied gauche;Martín Montoya
Saison 13/14;;;;;;;;;90'+2;04:00;Tir du pied gauche;Alex Song
Saison 13/14;Coupe du Roi;Achtelfinale;16/01/2014;E;FC Barcelona ;FC Getafe;00:02;AC;43';00:01;Tir du pied droit;Cristian Tello
Saison 13/14;;;;;;;;;63';00:02;Tir du pied gauche;
Saison 13/14;LaLiga;22;01/02/2014;D;FC Barcelona (1.);FC Valencia (10.);02:03;AC;54';02:02;Penalty;
Saison 13/14;LaLiga;23;09/02/2014;E;FC Barcelona (2.);Séville FC (7.);01:04;AC;44';01:02;Tir du pied gauche;Pedro
Saison 13/14;;;;;;;;;56';01:03;Tir du pied gauche;Andrés Iniesta
Saison 13/14;Coupe du Roi;Halbfinale;12/02/2014;E;FC Barcelona ;Real Sociedad;01:01;AC;27';00:01;Action solitaire;
Saison 13/14;LaLiga;24;15/02/2014;D;FC Barcelona (1.);Rayo Vallecano (19.);06:00;AC;36';02:00;Tir du pied gauche;Cesc Fàbregas
Saison 13/14;;;;;;;;;68';05:00;Tir du pied gauche;Alexis Sánchez
Saison 13/14;UEFA Champions League;Achtelfinale;18/02/2014;E;FC Barcelona ;Manchester City;00:02;AC;54';00:01;Penalty;
Saison 13/14;LaLiga;25;22/02/2014;E;FC Barcelona (1.);Real Sociedad (6.);03:01;AC;36';01:01;Tir du pied gauche;Martín Montoya
Saison 13/14;LaLiga;26;02/03/2014;D;FC Barcelona (2.);UD Almería (15.);04:01;AC;24';02:00;Coup-franc direct;
Saison 13/14;UEFA Champions League;Achtelfinale;12/03/2014;D;FC Barcelona ;Manchester City;02:01;AC;67';01:00;Tir du pied gauche;
Saison 13/14;LaLiga;28;16/03/2014;D;FC Barcelona (3.);CA Osasuna (13.);07:00;AC;18';01:00;Tir du pied gauche;Alexis Sánchez
Saison 13/14;;;;;;;;;63';04:00;Tir du pied gauche;Andrés Iniesta
Saison 13/14;;;;;;;;;88';06:00;Tir du pied droit;Dani Alves
Saison 13/14;LaLiga;29;23/03/2014;E;FC Barcelona (3.);Real Madrid (1.);03:04;AC;42';02:02;Tir du pied gauche;Neymar
Saison 13/14;;;;;;;;;65';03:03;Penalty;
Saison 13/14;;;;;;;;;84';03:04;Penalty;
Saison 13/14;LaLiga;30;26/03/2014;D;FC Barcelona (3.);Celta de Vigo (12.);03:00;AC;30';02:00;Tir du pied droit;Andrés Iniesta
Saison 13/14;LaLiga;31;29/03/2014;E;FC Barcelona (2.);Esp. Barcelona (8.);00:01;AC;77';00:01;Penalty;
Saison 13/14;LaLiga;32;05/04/2014;D;FC Barcelona (2.);Real Betis (20.);03:01;AC;15';01:00;Penalty;
Saison 13/14;;;;;;;;;86';03:01;Rebond de penalty;Antonio Amaya
Saison 13/14;LaLiga;34;20/04/2014;D;FC Barcelona (3.);Athletic (4.);02:01;AC;74';02:01;Coup-franc direct;
Saison 13/14;LaLiga;35;27/04/2014;E;FC Barcelona (2.);Villarreal CF (7.);02:03;AC;83';02:03;Tir du pied droit;Cesc Fàbregas
Saison 13/14;LaLiga;36;03/05/2014;D;FC Barcelona (2.);FC Getafe (16.);02:02;AC;23';01:00;Tir du pied gauche;Dani Alves
Saison 14/15;Saison 14/15;Saison 14/15;Saison 14/15;Saison 14/15;Saison 14/15;Saison 14/15;Saison 14/15;Saison 14/15;Saison 14/15;Saison 14/15;Saison 14/15;Saison 14/15
Saison 14/15;LaLiga;1;24/08/2014;D;FC Barcelona (1.);Elche CF (13.);03:00;AC;42';01:00;Tir du pied gauche;Sergio Busquets
Saison 14/15;;;;;;;;;64';03:00;Tir du pied gauche;
Saison 14/15;LaLiga;4;21/09/2014;E;FC Barcelona (1.);UD Levante (19.);00:05;AC;77';00:05;Tir du pied droit;
Saison 14/15;LaLiga;6;27/09/2014;D;FC Barcelona (3.);FC Granada (8.);06:00;AC;62';04:00;Tête;Dani Alves
Saison 14/15;;;;;;;;;82';06:00;Tir du pied droit;
Saison 14/15;UEFA Champions League;Gruppenphase;30/09/2014;E;FC Barcelona ;Paris SG;03:02;AiD;12';01:01;Tir du pied gauche;Andrés Iniesta
Saison 14/15;LaLiga;7;04/10/2014;E;FC Barcelona (1.);Rayo Vallecano (10.);00:02;AC;35';00:01;Tir du pied gauche;Gerard Piqué
Saison 14/15;LaLiga;8;18/10/2014;D;FC Barcelona (1.);SD Eibar (10.);03:00;AC;74';03:00;Tir du pied gauche;Neymar
Saison 14/15;UEFA Champions League;Gruppenphase;21/10/2014;D;FC Barcelona ;Ajax;03:01;AC;24';02:00;Tir du pied gauche;Andrés Iniesta
Saison 14/15;UEFA Champions League;Gruppenphase;05/11/2014;E;FC Barcelona ;Ajax;00:02;AiD;36';00:01;Tête;Marc Bartra
Saison 14/15;;;;;;;;;76';00:02;Tir du pied gauche;Pedro
Saison 14/15;LaLiga;12;22/11/2014;D;FC Barcelona (2.);Séville FC (5.);05:01;AiD;21';01:00;Coup-franc direct;
Saison 14/15;;;;;;;;;73';04:01;But de près;Neymar
Saison 14/15;;;;;;;;;78';05:01;Tir du pied gauche;Neymar
Saison 14/15;UEFA Champions League;Gruppenphase;25/11/2014;E;FC Barcelona ;APOEL Nikosia;00:04;AC;38';00:02;Tir du pied droit;Rafinha
Saison 14/15;;;;;;;;;58';00:03;Tir du pied droit;Dani Alves
Saison 14/15;;;;;;;;;87';00:04;Tir du pied droit;Pedro
Saison 14/15;LaLiga;14;07/12/2014;D;FC Barcelona (2.);Esp. Barcelona (12.);05:01;AiD;45'+1;01:01;Tir du pied gauche;Xavi
Saison 14/15;;;;;;;;;50';02:01;Tir du pied droit;Luis Suárez
Saison 14/15;;;;;;;;;81';05:01;Tir du pied droit;Pedro
Saison 14/15;UEFA Champions League;Gruppenphase;10/12/2014;D;FC Barcelona ;Paris SG;03:01;MO;19';01:01;Tir du pied droit;Luis Suárez
Saison 14/15;LaLiga;16;20/12/2014;D;FC Barcelona (2.);FC Córdoba (18.);05:00;AiD;82';04:00;Tir du pied droit;
Saison 14/15;;;;;;;;;90';05:00;Tir du pied droit;
Saison 14/15;Coupe du Roi;Achtelfinale;08/01/2015;D;FC Barcelona ;Elche CF;05:00;AiD;45';03:00;Penalty;
Saison 14/15;LaLiga;18;11/01/2015;D;FC Barcelona (2.);Atlético Madrid (3.);03:01;AiD;87';03:01;Tir du pied gauche;
Saison 14/15;LaLiga;19;18/01/2015;E;FC Barcelona (2.);Dep. La Coruña (16.);00:04;AiD;11';00:01;Tête;Ivan Rakitic
Saison 14/15;;;;;;;;;33';00:02;Tir du pied gauche;Luis Suárez
Saison 14/15;;;;;;;;;62';00:03;Tir du pied gauche;Ivan Rakitic
Saison 14/15;Coupe du Roi;Viertelfinale;21/01/2015;D;FC Barcelona ;Atlético Madrid;01:00;AiD;85';01:00;Rebond de penalty;
Saison 14/15;LaLiga;20;24/01/2015;E;FC Barcelona (2.);Elche CF (17.);00:06;AC;55';00:02;Penalty;
Saison 14/15;;;;;;;;;88';00:05;Tir du pied gauche;Marc Bartra
Saison 14/15;LaLiga;21;01/02/2015;D;FC Barcelona (2.);Villarreal CF (6.);03:02;AiD;55';03:02;Tir du pied droit;Luis Suárez
Saison 14/15;LaLiga;22;08/02/2015;E;FC Barcelona (2.);Athletic (12.);02:05;AiD;15';00:01;Coup-franc direct;
Saison 14/15;Coupe du Roi;Halbfinale;11/02/2015;D;FC Barcelona ;Villarreal CF;03:01;AiD;41';01:00;Tir du pied gauche;Luis Suárez
Saison 14/15;LaLiga;23;15/02/2015;D;FC Barcelona (2.);UD Levante (17.);05:00;AC;38';02:00;Tir du pied droit;Marc Bartra
Saison 14/15;;;;;;;;;59';03:00;Tir du pied droit;Pedro
Saison 14/15;;;;;;;;;65';04:00;Penalty;
Saison 14/15;LaLiga;25;28/02/2015;E;FC Barcelona (2.);FC Granada (19.);01:03;AiD;70';01:03;Tir du pied droit;Luis Suárez
Saison 14/15;LaLiga;26;08/03/2015;D;FC Barcelona (2.);Rayo Vallecano (11.);06:01;AiD;56';03:00;Penalty;
Saison 14/15;;;;;;;;;63';04:00;But de près;
Saison 14/15;;;;;;;;;68';05:00;Tir du pied gauche;Pedro
Saison 14/15;LaLiga;27;14/03/2015;E;FC Barcelona (1.);SD Eibar (14.);00:02;AiD;31';00:01;Penalty;
Saison 14/15;;;;;;;;;55';00:02;Tête;Ivan Rakitic
Saison 14/15;LaLiga;30;08/04/2015;D;FC Barcelona (1.);UD Almería (19.);04:00;AiD;33';01:00;Tir du pied gauche;Marc Bartra
Saison 14/15;LaLiga;31;11/04/2015;E;FC Barcelona (1.);Séville FC (5.);02:02;AiD;15';00:01;Tir du pied gauche;Neymar
Saison 14/15;LaLiga;32;18/04/2015;D;FC Barcelona (1.);FC Valencia (4.);02:00;AiD;90'+4;02:00;Tir du pied gauche;
Saison 14/15;LaLiga;33;25/04/2015;E;FC Barcelona (1.);Esp. Barcelona (9.);00:02;AiD;25';00:02;Tir du pied gauche;Luis Suárez
Saison 14/15;LaLiga;34;28/04/2015;D;FC Barcelona (1.);FC Getafe (13.);06:00;AiD;9';01:00;Penalty;
Saison 14/15;;;;;;;;;47';06:00;Tir du pied gauche;Luis Suárez
Saison 14/15;LaLiga;35;02/05/2015;E;FC Barcelona (1.);FC Córdoba (20.);00:08;AiD;47';00:03;Tête;Dani Alves
Saison 14/15;;;;;;;;;80';00:06;Tir du pied gauche;Luis Suárez
Saison 14/15;UEFA Champions League;Halbfinale;06/05/2015;D;FC Barcelona ;Bayern Munich;03:00;AiD;77';01:00;Tir du pied gauche;Dani Alves
Saison 14/15;;;;;;;;;80';02:00;Tir du pied droit;Ivan Rakitic
Saison 14/15;LaLiga;37;17/05/2015;E;FC Barcelona (1.);Atlético Madrid (3.);00:01;AiD;65';00:01;Tir du pied gauche;Pedro
Saison 14/15;LaLiga;38;23/05/2015;D;FC Barcelona (1.);Dep. La Coruña (17.);02:02;AiD;5';01:00;Tête;Rafinha
Saison 14/15;;;;;;;;;59';02:00;Tir du pied droit;Neymar
Saison 14/15;Coupe du Roi;Finale;30/05/2015;E;FC Barcelona ;Athletic;01:03;AiD;20';00:01;Action solitaire;
Saison 14/15;;;;;;;;;74';00:03;Tir du pied gauche;Dani Alves
Saison 15/16;Saison 15/16;Saison 15/16;Saison 15/16;Saison 15/16;Saison 15/16;Saison 15/16;Saison 15/16;Saison 15/16;Saison 15/16;Saison 15/16;Saison 15/16;Saison 15/16
Saison 15/16;Supercoupe de l'UEFA;Finale;11/08/2015;D;FC Barcelona ;Séville FC;5:4 ap;AiD;7';01:01;Coup-franc direct;
Saison 15/16;;;;;;;;;16';02:01;Coup-franc direct;
Saison 15/16;Supercopa;Finale;17/08/2015;D;FC Barcelona ;Athletic;01:01;AiD;43';01:00;Tir du pied gauche;Luis Suárez
Saison 15/16;LaLiga;3;12/09/2015;E;FC Barcelona (4.);Atlético Madrid (3.);01:02;AiD;77';01:02;Tir du pied gauche;Luis Suárez
Saison 15/16;LaLiga;4;20/09/2015;D;FC Barcelona (1.);UD Levante (13.);04:01;2S;61';03:00;Penalty;
Saison 15/16;;;;;;;;;90';04:01;Tir du pied gauche;Marc Bartra
Saison 15/16;UEFA Champions League;Gruppenphase;24/11/2015;D;FC Barcelona ;AS Roma;06:01;AiD;18';02:00;Tir du pied gauche;Luis Suárez
Saison 15/16;;;;;;;;;60';05:00;But de près;
Saison 15/16;LaLiga;13;28/11/2015;D;FC Barcelona (1.);Real Sociedad (14.);04:00;AiD;90'+1;04:00;Tir du pied gauche;Neymar
Saison 15/16;UEFA Champions League;Gruppenphase;09/12/2015;E;FC Barcelona ;B. Leverkusen;01:01;AiD;20';00:01;Tir du pied droit;Ivan Rakitic
Saison 15/16;LaLiga;15;12/12/2015;D;FC Barcelona (1.);Dep. La Coruña (6.);02:02;AiD;39';01:00;Coup-franc direct;
Saison 15/16;Mondial des clubs;Finale;20/12/2015;E;FC Barcelona ;River Plate;00:03;AiD;36';00:01;Tir du pied gauche;Neymar
Saison 15/16;LaLiga;17;30/12/2015;D;FC Barcelona (1.);Real Betis (12.);04:00;AiD;33';02:00;Tir du pied droit;Neymar
Saison 15/16;Coupe du Roi;Achtelfinale;06/01/2016;D;FC Barcelona ;Esp. Barcelona;04:01;AiD;13';01:01;Tir du pied gauche;Andrés Iniesta
Saison 15/16;;;;;;;;;44';02:01;Coup-franc direct;
Saison 15/16;LaLiga;19;09/01/2016;D;FC Barcelona (1.);FC Granada (17.);04:00;AiD;8';01:00;Tir du pied gauche;Arda Turan
Saison 15/16;;;;;;;;;14';02:00;Tir du pied gauche;Luis Suárez
Saison 15/16;;;;;;;;;58';03:00;But de près;
Saison 15/16;LaLiga;20;17/01/2016;D;FC Barcelona (1.);Athletic (8.);06:00;AiD;7';01:00;Penalty;
Saison 15/16;LaLiga;21;23/01/2016;E;FC Barcelona (1.);Málaga CF (12.);01:02;AiD;51';01:02;Tir du pied gauche;Adriano
Saison 15/16;LaLiga;22;30/01/2016;D;FC Barcelona (1.);Atlético Madrid (2.);02:01;AiD;30';01:01;Tir du pied gauche;Jordi Alba
Saison 15/16;Coupe du Roi;Halbfinale;03/02/2016;D;FC Barcelona ;FC Valencia;07:00;AiD;29';03:00;Tir du pied gauche;Neymar
Saison 15/16;;;;;;;;;59';04:00;Tir du pied gauche;Luis Suárez
Saison 15/16;;;;;;;;;74';05:00;Tir du pied gauche;
Saison 15/16;LaLiga;24;14/02/2016;D;FC Barcelona (1.);Celta de Vigo (7.);06:01;AiD;28';01:00;Coup-franc direct;
Saison 15/16;LaLiga;16;17/02/2016;E;FC Barcelona (1.);Sporting Gijón (15.);01:03;AiD;25';00:01;Tir du pied gauche;Luis Suárez
Saison 15/16;;;;;;;;;31';01:02;Tir du pied gauche;Luis Suárez
Saison 15/16;UEFA Champions League;Achtelfinale;23/02/2016;E;FC Barcelona ;Arsenal;00:02;AiD;71';00:01;Tir du pied gauche;Neymar
Saison 15/16;;;;;;;;;83';00:02;Penalty;
Saison 15/16;LaLiga;26;28/02/2016;D;FC Barcelona (1.);Séville FC (5.);02:01;AiD;31';01:01;Coup-franc direct;
Saison 15/16;LaLiga;27;03/03/2016;E;FC Barcelona (1.);Rayo Vallecano (16.);01:05;AiD;23';00:02;Tir du pied gauche;Neymar
Saison 15/16;;;;;;;;;53';00:03;Tir du pied gauche;
Saison 15/16;;;;;;;;;72';01:04;Tir du pied gauche;Sergio Busquets
Saison 15/16;LaLiga;28;06/03/2016;E;FC Barcelona (1.);SD Eibar (8.);00:04;AiD;42';00:02;Tir du pied gauche;Munir El Haddadi
Saison 15/16;;;;;;;;;76';00:03;Penalty;
Saison 15/16;LaLiga;29;12/03/2016;D;FC Barcelona (1.);FC Getafe (16.);06:00;AC;41';04:00;Tir du pied gauche;Arda Turan
Saison 15/16;UEFA Champions League;Achtelfinale;16/03/2016;D;FC Barcelona ;Arsenal;03:01;AiD;86';03:01;Tir du pied gauche;Neymar
Saison 15/16;LaLiga;33;17/04/2016;D;FC Barcelona (1.);FC Valencia (14.);01:02;AiD;63';01:02;Tir du pied gauche;Jordi Alba
Saison 15/16;LaLiga;34;20/04/2016;E;FC Barcelona (1.);Dep. La Coruña (13.);00:08;AiD;73';00:06;Tir du pied gauche;Luis Suárez
Saison 15/16;LaLiga;35;23/04/2016;D;FC Barcelona (1.);Sporting Gijón (18.);06:00;AiD;13';01:00;Tête;
Saison 15/16;LaLiga;37;08/05/2016;D;FC Barcelona (1.);Esp. Barcelona (14.);05:00;AiD;8';01:00;Coup-franc direct;
Saison 16/17;Saison 16/17;Saison 16/17;Saison 16/17;Saison 16/17;Saison 16/17;Saison 16/17;Saison 16/17;Saison 16/17;Saison 16/17;Saison 16/17;Saison 16/17;Saison 16/17
Saison 16/17;Supercopa;Finale;17/08/2016;D;FC Barcelona ;Séville FC;03:00;AiD;55';03:00;Tête;Lucas Digne
Saison 16/17;LaLiga;1;20/08/2016;D;FC Barcelona (2.);Real Betis (15.);06:02;AiD;37';02:01;Tir du pied gauche;Sergi Roberto
Saison 16/17;;;;;;;;;58';05:01;Tir du pied gauche;Arda Turan
Saison 16/17;UEFA Champions League;Gruppenphase;13/09/2016;D;FC Barcelona ;Celtic Glasgow;07:00;AiD;3';01:00;Tir du pied gauche;Neymar
Saison 16/17;;;;;;;;;27';02:00;Tir du pied gauche;Neymar
Saison 16/17;;;;;;;;;60';05:00;Tir du pied gauche;Luis Suárez
Saison 16/17;LaLiga;4;17/09/2016;E;FC Barcelona (5.);CD Leganés (12.);01:05;AiD;15';00:01;Tir du pied gauche;Luis Suárez
Saison 16/17;;;;;;;;;55';00:04;Penalty;
Saison 16/17;LaLiga;8;15/10/2016;D;FC Barcelona (4.);Dep. La Coruña (14.);04:00;AiD;58';04:00;Tir du pied gauche;Neymar
Saison 16/17;UEFA Champions League;Gruppenphase;19/10/2016;D;FC Barcelona ;Manchester City;04:00;AiD;17';01:00;Tir du pied gauche;Andrés Iniesta
Saison 16/17;;;;;;;;;61';02:00;Tir du pied gauche;Andrés Iniesta
Saison 16/17;;;;;;;;;69';03:00;Tir du pied gauche;Luis Suárez
Saison 16/17;LaLiga;9;22/10/2016;E;FC Barcelona (4.);FC Valencia (14.);02:03;AiD;22';00:01;Tir du pied gauche;Ivan Rakitic
Saison 16/17;;;;;;;;;90'+4;02:03;Penalty;
Saison 16/17;UEFA Champions League;Gruppenphase;01/11/2016;E;FC Barcelona ;Manchester City;03:01;AiD;21';00:01;Tir du pied gauche;Neymar
Saison 16/17;LaLiga;11;06/11/2016;E;FC Barcelona (2.);Séville FC (3.);01:02;AiD;43';01:01;Tir du pied gauche;Neymar
Saison 16/17;UEFA Champions League;Gruppenphase;23/11/2016;E;FC Barcelona ;Celtic Glasgow;00:02;AiD;24';00:01;Tir du pied gauche;Neymar
Saison 16/17;;;;;;;;;55';00:02;Penalty;
Saison 16/17;LaLiga;13;27/11/2016;E;FC Barcelona (2.);Real Sociedad (5.);01:01;AiD;59';01:01;Tir du pied gauche;Neymar
Saison 16/17;UEFA Champions League;Gruppenphase;06/12/2016;D;FC Barcelona ;Bor. M'gladbach;04:00;AiD;16';01:00;Tir du pied gauche;Arda Turan
Saison 16/17;LaLiga;15;10/12/2016;E;FC Barcelona (2.);CA Osasuna (20.);00:03;AiD;72';00:02;Tir du pied gauche;Jordi Alba
Saison 16/17;;;;;;;;;90'+2;00:03;Tir du pied gauche;Sergio Busquets
Saison 16/17;LaLiga;16;18/12/2016;D;FC Barcelona (2.);Esp. Barcelona (9.);04:01;AiD;90';04:01;Tir du pied gauche;Luis Suárez
Saison 16/17;Coupe du Roi;Achtelfinale;05/01/2017;E;FC Barcelona ;Athletic;02:01;AiD;52';02:01;Coup-franc direct;
Saison 16/17;LaLiga;17;08/01/2017;E;FC Barcelona (2.);Villarreal CF (4.);01:01;AiD;90';01:01;Coup-franc direct;
Saison 16/17;Coupe du Roi;Achtelfinale;11/01/2017;D;FC Barcelona ;Athletic;03:01;AiD;78';03:01;Coup-franc direct;
Saison 16/17;LaLiga;18;14/01/2017;D;FC Barcelona (3.);UD Las Palmas (8.);05:00;AiD;52';02:00;Tir du pied droit;
Saison 16/17;LaLiga;19;22/01/2017;E;FC Barcelona (3.);SD Eibar (9.);00:04;AiD;50';00:02;Tir du pied gauche;Luis Suárez
Saison 16/17;Coupe du Roi;Viertelfinale;26/01/2017;D;FC Barcelona ;Real Sociedad;05:02;AiD;55';02:00;Penalty;
Saison 16/17;Coupe du Roi;Halbfinale;01/02/2017;E;FC Barcelona ;Atlético Madrid;01:02;AiD;33';00:02;Tir du pied gauche;Ivan Rakitic
Saison 16/17;LaLiga;21;04/02/2017;D;FC Barcelona (2.);Athletic (7.);03:00;AiD;40';02:00;Coup-franc direct;
Saison 16/17;LaLiga;22;11/02/2017;E;FC Barcelona (2.);Alavés (12.);00:06;AiD;59';00:03;Tir du pied gauche;Neymar
Saison 16/17;LaLiga;23;19/02/2017;D;FC Barcelona (2.);CD Leganés (17.);02:01;AiD;4';01:00;Tir du pied droit;Luis Suárez
Saison 16/17;;;;;;;;;90';02:01;Penalty;
Saison 16/17;LaLiga;24;26/02/2017;E;FC Barcelona (2.);Atlético Madrid (4.);01:02;AiD;86';01:02;Tir du pied gauche;
Saison 16/17;LaLiga;25;01/03/2017;D;FC Barcelona (2.);Sporting Gijón (18.);06:01;AiD;9';01:00;Tête;Javier Mascherano
Saison 16/17;LaLiga;26;04/03/2017;D;FC Barcelona (2.);Celta de Vigo (10.);05:00;MO;24';01:00;Tir du pied gauche;Sergio Busquets
Saison 16/17;;;;;;;;;64';05:00;Tir du pied gauche;
Saison 16/17;UEFA Champions League;Achtelfinale;08/03/2017;D;FC Barcelona ;Paris SG;06:01;MO;50';03:00;Penalty;
Saison 16/17;LaLiga;28;19/03/2017;D;FC Barcelona (2.);FC Valencia (13.);04:02;MO;45';02:01;Penalty;
Saison 16/17;;;;;;;;;53';03:02;Tir du pied droit;Javier Mascherano
Saison 16/17;LaLiga;30;05/04/2017;D;FC Barcelona (2.);Séville FC (4.);03:00;AiD;28';02:00;Tir du pied droit;Luis Suárez
Saison 16/17;;;;;;;;;33';03:00;Tir du pied gauche;
Saison 16/17;LaLiga;32;15/04/2017;D;FC Barcelona (2.);Real Sociedad (6.);03:02;AiD;17';01:00;Tir du pied gauche;Luis Suárez
Saison 16/17;;;;;;;;;37';02:00;But de près;
Saison 16/17;LaLiga;33;23/04/2017;E;FC Barcelona (2.);Real Madrid (1.);02:03;AiD;33';01:01;Tir du pied gauche;Ivan Rakitic
Saison 16/17;;;;;;;;;90'+2;02:03;Tir du pied gauche;Jordi Alba
Saison 16/17;LaLiga;34;26/04/2017;D;FC Barcelona (2.);CA Osasuna (20.);07:01;MO;12';01:00;Tir du pied gauche;
Saison 16/17;;;;;;;;;61';04:01;Tir du pied gauche;Ivan Rakitic
Saison 16/17;LaLiga;36;06/05/2017;D;FC Barcelona (2.);Villarreal CF (5.);04:01;AiD;45';02:01;Tir du pied gauche;Sergio Busquets
Saison 16/17;;;;;;;;;82';04:01;Penalty;
Saison 16/17;LaLiga;38;21/05/2017;D;FC Barcelona (2.);SD Eibar (8.);04:02;AiD;75';03:02;Penalty;
Saison 16/17;;;;;;;;;90'+2;04:02;Tir du pied droit;
Saison 16/17;Coupe du Roi;Finale;27/05/2017;D;FC Barcelona ;Alavés;03:01;AiD;30';01:00;Tir du pied gauche;Neymar
Saison 17/18;Saison 17/18;Saison 17/18;Saison 17/18;Saison 17/18;Saison 17/18;Saison 17/18;Saison 17/18;Saison 17/18;Saison 17/18;Saison 17/18;Saison 17/18;Saison 17/18
Saison 17/18;Supercopa;Finale;13/08/2017;D;FC Barcelona ;Real Madrid;01:03;AiD;77';01:01;Penalty;
Saison 17/18;LaLiga;2;26/08/2017;E;FC Barcelona (2.);Alavés (16.);00:02;AC;55';00:01;Tir du pied gauche;Jordi Alba
Saison 17/18;;;;;;;;;66';00:02;Tir du pied gauche;Paco Alcácer
Saison 17/18;LaLiga;3;09/09/2017;D;FC Barcelona (2.);Esp. Barcelona (13.);05:00;AC;26';01:00;Tir du pied gauche;Ivan Rakitic
Saison 17/18;;;;;;;;;35';02:00;Tir du pied droit;Jordi Alba
Saison 17/18;;;;;;;;;67';03:00;Tir du pied gauche;Jordi Alba
Saison 17/18;UEFA Champions League;Gruppenphase;12/09/2017;D;FC Barcelona ;Juventus Turin;03:00;AC;45';01:00;Tir du pied gauche;Luis Suárez
Saison 17/18;;;;;;;;;69';03:00;Tir du pied gauche;
Saison 17/18;LaLiga;5;19/09/2017;D;FC Barcelona (1.);SD Eibar (10.);06:01;AC;21';01:00;Penalty;
Saison 17/18;;;;;;;;;59';04:01;Tir du pied gauche;Sergio Busquets
Saison 17/18;;;;;;;;;62';05:01;Tir du pied gauche;Paulinho
Saison 17/18;;;;;;;;;87';06:01;Tir du pied gauche;Aleix Vidal
Saison 17/18;LaLiga;7;01/10/2017;D;FC Barcelona (1.);UD Las Palmas (15.);03:00;2S;70';02:00;Tir du pied gauche;Denis Suárez
Saison 17/18;;;;;;;;;77';03:00;Tir du pied gauche;Luis Suárez
Saison 17/18;UEFA Champions League;Gruppenphase;18/10/2017;D;FC Barcelona ;Olymp. Pirée;03:01;AC;61';02:00;Coup-franc direct;
Saison 17/18;LaLiga;10;28/10/2017;E;FC Barcelona (1.);Athletic (11.);00:02;2S;37';00:01;Tir du pied gauche;Jordi Alba
Saison 17/18;LaLiga;14;02/12/2017;D;FC Barcelona (1.);Celta de Vigo (9.);02:02;2S;22';01:01;Tir du pied gauche;Paulinho
Saison 17/18;LaLiga;15;10/12/2017;E;FC Barcelona (1.);Villarreal CF (6.);00:02;AiD;83';00:02;Tir du pied gauche;Sergio Busquets
Saison 17/18;LaLiga;17;23/12/2017;E;FC Barcelona (1.);Real Madrid (3.);00:03;2S;64';00:02;Penalty;
Saison 17/18;LaLiga;18;07/01/2018;D;FC Barcelona (1.);UD Levante (16.);03:00;2S;12';01:00;Tir du pied gauche;Jordi Alba
Saison 17/18;Coupe du Roi;Achtelfinale;11/01/2018;D;FC Barcelona ;Celta de Vigo;05:00;2S;13';01:00;Tir du pied gauche;Jordi Alba
Saison 17/18;;;;;;;;;15';02:00;Tir du pied gauche;Jordi Alba
Saison 17/18;LaLiga;19;14/01/2018;E;FC Barcelona (1.);Real Sociedad (14.);02:04;2S;85';02:04;Coup-franc direct;
Saison 17/18;LaLiga;20;21/01/2018;E;FC Barcelona (1.);Real Betis (8.);00:05;2S;64';00:02;Tir du pied gauche;Sergio Busquets
Saison 17/18;;;;;;;;;80';00:04;Tir du pied gauche;Luis Suárez
Saison 17/18;Coupe du Roi;Viertelfinale;25/01/2018;D;FC Barcelona ;Esp. Barcelona;02:00;2S;25';02:00;Tir dévié dans le but;
Saison 17/18;LaLiga;21;28/01/2018;D;FC Barcelona (1.);Alavés (16.);02:01;2S;84';02:01;Coup-franc direct;
Saison 17/18;UEFA Champions League;Achtelfinale;20/02/2018;E;FC Barcelona ;Chelsea;01:01;2S;75';01:01;Tir du pied gauche;Andrés Iniesta
Saison 17/18;LaLiga;25;24/02/2018;D;FC Barcelona (1.);Girona FC (8.);06:01;2S;30';02:01;Tir du pied gauche;Luis Suárez
Saison 17/18;;;;;;;;;36';03:01;Coup-franc direct;
Saison 17/18;LaLiga;26;01/03/2018;E;FC Barcelona (1.);UD Las Palmas (18.);01:01;2S;21';00:01;Coup-franc direct;
Saison 17/18;LaLiga;27;04/03/2018;D;FC Barcelona (1.);Atlético Madrid (2.);01:00;2S;26';01:00;Coup-franc direct;
Saison 17/18;UEFA Champions League;Achtelfinale;14/03/2018;D;FC Barcelona ;Chelsea;03:00;2S;3';01:00;Tir du pied droit;Luis Suárez
Saison 17/18;;;;;;;;;63';03:00;Tir du pied gauche;Luis Suárez
Saison 17/18;LaLiga;29;18/03/2018;D;FC Barcelona (1.);Athletic (12.);02:00;2S;30';02:00;Tir du pied gauche;Ousmane Dembélé
Saison 17/18;LaLiga;30;31/03/2018;E;FC Barcelona (1.);Séville FC (6.);02:02;AiD;89';02:02;Tir du pied gauche;Philippe Coutinho
Saison 17/18;LaLiga;31;07/04/2018;D;FC Barcelona (1.);CD Leganés (12.);03:01;2S;27';01:00;Coup-franc direct;
Saison 17/18;;;;;;;;;32';02:00;Tir du pied gauche;Philippe Coutinho
Saison 17/18;;;;;;;;;87';03:01;Tir du pied gauche;Ousmane Dembélé
Saison 17/18;Coupe du Roi;Finale;21/04/2018;E;FC Barcelona ;Séville FC;00:05;2S;31';00:02;Tir du pied gauche;Jordi Alba
Saison 17/18;LaLiga;35;29/04/2018;E;FC Barcelona (1.);Dep. La Coruña (18.);02:04;2S;38';00:02;Tir du pied gauche;Luis Suárez
Saison 17/18;;;;;;;;;82';02:03;Tir du pied droit;Luis Suárez
Saison 17/18;;;;;;;;;85';02:04;Tir du pied gauche;Luis Suárez
Saison 17/18;LaLiga;36;06/05/2018;D;FC Barcelona (1.);Real Madrid (3.);02:02;2S;52';02:01;Tir du pied gauche;Luis Suárez
Saison 17/18;LaLiga;34;09/05/2018;D;FC Barcelona (1.);Villarreal CF (6.);05:01;AC;45';03:00;Tir du pied gauche;Andrés Iniesta
Saison 18/19;Saison 18/19;Saison 18/19;Saison 18/19;Saison 18/19;Saison 18/19;Saison 18/19;Saison 18/19;Saison 18/19;Saison 18/19;Saison 18/19;Saison 18/19;Saison 18/19
Saison 18/19;LaLiga;1;18/08/2018;D;FC Barcelona (1.);Alavés (11.);03:00;AiD;64';01:00;Coup-franc direct;
Saison 18/19;;;;;;;;;90'+2;03:00;Tir du pied gauche;Luis Suárez
Saison 18/19;LaLiga;3;02/09/2018;D;FC Barcelona (2.);SD Huesca (5.);08:02;AiD;16';01:01;Tir du pied droit;Ivan Rakitic
Saison 18/19;;;;;;;;;61';06:02;Tir du pied gauche;Philippe Coutinho
Saison 18/19;UEFA Champions League;Gruppenphase;18/09/2018;D;FC Barcelona ;PSV Eindhoven;04:00;AiD;31';01:00;Coup-franc direct;
Saison 18/19;;;;;;;;;77';03:00;Tir du pied gauche;Ivan Rakitic
Saison 18/19;;;;;;;;;87';04:00;Tir du pied droit;Luis Suárez
Saison 18/19;LaLiga;5;23/09/2018;D;FC Barcelona (1.);Girona FC (3.);02:02;AiD;19';01:00;Tir du pied gauche;Arturo Vidal
Saison 18/19;UEFA Champions League;Gruppenphase;03/10/2018;E;FC Barcelona ;Tottenham;02:04;AiD;56';01:03;Tir du pied gauche;Jordi Alba
Saison 18/19;;;;;;;;;90';02:04;Tir du pied gauche;Jordi Alba
Saison 18/19;LaLiga;8;07/10/2018;E;FC Barcelona (1.);FC Valencia (13.);01:01;AiD;23';01:01;Tir du pied gauche;Luis Suárez
Saison 18/19;LaLiga;9;20/10/2018;D;FC Barcelona (2.);Séville FC (1.);04:02;AiD;12';02:00;Tir du pied gauche;Luis Suárez
Saison 18/19;LaLiga;12;11/11/2018;D;FC Barcelona (1.);Real Betis (14.);03:04;2S;68';01:02;Penalty;
Saison 18/19;;;;;;;;;90'+4;03:04;Tir du pied gauche;Arturo Vidal
Saison 18/19;UEFA Champions League;Gruppenphase;28/11/2018;E;FC Barcelona ;PSV Eindhoven;01:02;AC;61';00:01;Tir du pied gauche;Ousmane Dembélé
Saison 18/19;LaLiga;15;08/12/2018;E;FC Barcelona (1.);Esp. Barcelona (7.);00:04;AiD;17';00:01;Coup-franc direct;
Saison 18/19;;;;;;;;;65';00:04;Coup-franc direct;
Saison 18/19;LaLiga;16;16/12/2018;E;FC Barcelona (1.);UD Levante (6.);00:05;2S;43';00:02;Tir du pied droit;Sergio Busquets
Saison 18/19;;;;;;;;;47';00:03;Tir du pied gauche;
Saison 18/19;;;;;;;;;60';00:04;Tir du pied gauche;Arturo Vidal
Saison 18/19;LaLiga;17;22/12/2018;D;FC Barcelona (1.);Celta de Vigo (10.);02:00;AiD;45';02:00;Tir du pied gauche;Jordi Alba
Saison 18/19;LaLiga;18;06/01/2019;E;FC Barcelona (1.);FC Getafe (7.);01:02;AiD;20';00:01;Tir du pied gauche;
Saison 18/19;LaLiga;19;13/01/2019;D;FC Barcelona (1.);SD Eibar (12.);03:00;AiD;53';02:00;Tir du pied gauche;Luis Suárez
Saison 18/19;Coupe du Roi;Achtelfinale;17/01/2019;D;FC Barcelona ;UD Levante;03:00;AC;54';03:00;Tir du pied gauche;Nélson Semedo
Saison 18/19;LaLiga;20;20/01/2019;D;FC Barcelona (1.);CD Leganés (15.);03:01;2S;90'+2;03:01;Tir du pied droit;Jordi Alba
Saison 18/19;LaLiga;21;27/01/2019;E;FC Barcelona (1.);Girona FC (12.);00:02;AiD;69';00:02;Tir du pied gauche;Jordi Alba
Saison 18/19;Coupe du Roi;Viertelfinale;30/01/2019;D;FC Barcelona ;Séville FC;06:01;AiD;90'+2;06:01;Tir du pied gauche;Jordi Alba
Saison 18/19;LaLiga;22;02/02/2019;D;FC Barcelona (1.);FC Valencia (7.);02:02;AiD;39';01:02;Penalty;
Saison 18/19;;;;;;;;;64';02:02;Tir du pied gauche;Arturo Vidal
Saison 18/19;LaLiga;24;16/02/2019;D;FC Barcelona (1.);Real Valladolid (15.);01:00;AiD;43';01:00;Penalty;
Saison 18/19;LaLiga;25;23/02/2019;E;FC Barcelona (1.);Séville FC (4.);02:04;AiD;26';01:01;Tir du pied gauche;Ivan Rakitic
Saison 18/19;;;;;;;;;67';02:02;Tir du pied droit;Ousmane Dembélé
Saison 18/19;;;;;;;;;85';02:03;Tir du pied gauche;
Saison 18/19;LaLiga;27;09/03/2019;D;FC Barcelona (1.);Rayo Vallecano (19.);03:01;AiD;51';02:01;Penalty;
Saison 18/19;UEFA Champions League;Achtelfinale;13/03/2019;D;FC Barcelona ;Ol. Lyonnais;05:01;AiD;18';01:00;Penalty;
Saison 18/19;;;;;;;;;78';03:01;Tir du pied droit;Sergio Busquets
Saison 18/19;LaLiga;28;17/03/2019;E;FC Barcelona (1.);Real Betis (8.);01:04;2S;18';00:01;Coup-franc direct;
Saison 18/19;;;;;;;;;45'+2;00:02;Tir du pied gauche;Luis Suárez
Saison 18/19;;;;;;;;;85';01:04;Tir du pied gauche;Ivan Rakitic
Saison 18/19;LaLiga;29;30/03/2019;D;FC Barcelona (1.);Esp. Barcelona (13.);02:00;AiD;71';01:00;Coup-franc direct;
Saison 18/19;;;;;;;;;89';02:00;Tir du pied gauche;Malcom
Saison 18/19;LaLiga;30;02/04/2019;E;FC Barcelona (1.);Villarreal CF (17.);04:04;AiD;90';04:03;Coup-franc direct;
Saison 18/19;LaLiga;31;06/04/2019;D;FC Barcelona (1.);Atlético Madrid (2.);02:00;2S;87';02:00;Tir du pied gauche;
Saison 18/19;UEFA Champions League;Viertelfinale;16/04/2019;D;FC Barcelona ;Manchester Utd.;03:00;AiD;16';01:00;Tir du pied gauche;
Saison 18/19;;;;;;;;;20';02:00;Tir du pied droit;
Saison 18/19;LaLiga;35;27/04/2019;D;FC Barcelona (1.);UD Levante (15.);01:00;AiD;62';01:00;Tir du pied gauche;Arturo Vidal
Saison 18/19;UEFA Champions League;Halbfinale;01/05/2019;D;FC Barcelona ;Liverpool;03:00;AiD;75';02:00;Tir du pied gauche;Luis Suárez
Saison 18/19;;;;;;;;;82';03:00;Coup-franc direct;
Saison 18/19;LaLiga;38;19/05/2019;E;FC Barcelona (1.);SD Eibar (12.);02:02;AC;31';01:01;Tir du pied gauche;Arturo Vidal
Saison 18/19;;;;;;;;;32';01:02;Tir du pied gauche;Ivan Rakitic
Saison 18/19;Coupe du Roi;Finale;25/05/2019;D;FC Barcelona ;FC Valencia;01:02;AC;73';01:02;Tir du pied gauche;Clément Lenglet
Saison 19/20;Saison 19/20;Saison 19/20;Saison 19/20;Saison 19/20;Saison 19/20;Saison 19/20;Saison 19/20;Saison 19/20;Saison 19/20;Saison 19/20;Saison 19/20;Saison 19/20
Saison 19/20;LaLiga;8;06/10/2019;D;FC Barcelona (5.);Séville FC (4.);04:00;AiD;78';04:00;Coup-franc direct;
Saison 19/20;LaLiga;9;19/10/2019;E;FC Barcelona (2.);SD Eibar (14.);00:03;AiD;58';00:02;Tir du pied gauche;Antoine Griezmann
Saison 19/20;UEFA Champions League;Gruppenphase;23/10/2019;E;FC Barcelona ;Slavia Prague;01:02;AiD;3';00:01;Tir du pied gauche;Arthur Melo
Saison 19/20;LaLiga;11;29/10/2019;D;FC Barcelona (2.);Real Valladolid (8.);05:01;AiD;34';03:01;Coup-franc direct;
Saison 19/20;;;;;;;;;75';04:01;Tir du pied gauche;Ivan Rakitic
Saison 19/20;LaLiga;12;02/11/2019;E;FC Barcelona (1.);UD Levante (11.);03:01;AiD;38';00:01;Penalty;
Saison 19/20;LaLiga;13;09/11/2019;D;FC Barcelona (1.);Celta de Vigo (18.);04:01;AiD;23';01:00;Penalty;
Saison 19/20;;;;;;;;;45'+1;02:01;Coup-franc direct;
Saison 19/20;;;;;;;;;48';03:01;Coup-franc direct;
Saison 19/20;UEFA Champions League;Gruppenphase;27/11/2019;D;FC Barcelona ;Bor. Dortmund;03:01;AiD;33';02:00;Tir du pied gauche;Luis Suárez
Saison 19/20;LaLiga;15;01/12/2019;E;FC Barcelona (1.);Atlético Madrid (4.);00:01;AiD;86';00:01;Tir du pied gauche;Luis Suárez
Saison 19/20;LaLiga;16;07/12/2019;D;FC Barcelona (1.);RCD Mallorca (17.);05:02;AiD;17';02:00;Tir du pied gauche;Antoine Griezmann
Saison 19/20;;;;;;;;;41';03:01;Tir du pied gauche;Ivan Rakitic
Saison 19/20;;;;;;;;;83';05:02;Tir du pied gauche;Luis Suárez
Saison 19/20;LaLiga;18;21/12/2019;D;FC Barcelona (1.);Alavés (14.);04:01;AiD;69';03:01;Tir du pied gauche;Luis Suárez
Saison 19/20;Supercopa;Halbfinale;09/01/2020;D;FC Barcelona ;Atlético Madrid;02:03;AiD;51';01:01;Tir du pied droit;Luis Suárez
Saison 19/20;LaLiga;20;19/01/2020;D;FC Barcelona (1.);FC Granada (10.);01:00;AC;76';01:00;Tir du pied droit;Arturo Vidal
Saison 19/20;Coupe du Roi;Achtelfinale;30/01/2020;D;FC Barcelona ;CD Leganés;05:00;AiD;59';03:00;Tir du pied gauche;Frenkie de Jong
Saison 19/20;;;;;;;;;89';05:00;Tir du pied gauche;Ivan Rakitic
Saison 19/20;LaLiga;25;22/02/2020;D;FC Barcelona (2.);SD Eibar (16.);05:00;2S;14';01:00;Tir du pied gauche;Ivan Rakitic
Saison 19/20;;;;;;;;;37';02:00;Tir du pied gauche;Arturo Vidal
Saison 19/20;;;;;;;;;40';03:00;Tir du pied gauche;
Saison 19/20;;;;;;;;;87';04:00;Tir du pied gauche;
Saison 19/20;LaLiga;27;07/03/2020;D;FC Barcelona (2.);Real Sociedad (4.);01:00;AC;81';01:00;Penalty;
Saison 19/20;LaLiga;28;13/06/2020;E;FC Barcelona (1.);RCD Mallorca (18.);00:04;AiD;90'+3;00:04;Tir du pied droit;Luis Suárez
Saison 19/20;LaLiga;29;16/06/2020;D;FC Barcelona (1.);CD Leganés (19.);02:00;AiD;69';02:00;Penalty;
Saison 19/20;LaLiga;33;30/06/2020;D;FC Barcelona (2.);Atlético Madrid (3.);02:02;2S;50';02:01;Penalty;
Saison 19/20;LaLiga;37;16/07/2020;D;FC Barcelona (2.);CA Osasuna (11.);01:02;AiD;62';01:01;Coup-franc direct;
Saison 19/20;LaLiga;38;19/07/2020;E;FC Barcelona (2.);Alavés (16.);00:05;AiD;34';00:02;Tir du pied gauche;Riqui Puig
Saison 19/20;;;;;;;;;75';00:05;Tir du pied gauche;Jordi Alba
Saison 19/20;UEFA Champions League;Achtelfinale;08/08/2020;D;FC Barcelona ;Napoli;03:01;2S;23';02:00;Tir du pied gauche;
Saison 20/21;Saison 20/21;Saison 20/21;Saison 20/21;Saison 20/21;Saison 20/21;Saison 20/21;Saison 20/21;Saison 20/21;Saison 20/21;Saison 20/21;Saison 20/21;Saison 20/21
Saison 20/21;LaLiga;3;27/09/2020;D;FC Barcelona (1.);Villarreal CF (6.);04:00;AC;35';03:00;Penalty;
Saison 20/21;UEFA Champions League;Gruppenphase;20/10/2020;D;FC Barcelona ;Ferencváros;05:01;AC;27';01:00;Penalty;
Saison 20/21;UEFA Champions League;Gruppenphase;28/10/2020;E;FC Barcelona ;Juventus Turin;00:02;AC;90'+1;00:02;Penalty;
Saison 20/21;UEFA Champions League;Gruppenphase;04/11/2020;D;FC Barcelona ;Dynamo Kyiv;02:01;AiD;5';01:00;Penalty;
Saison 20/21;LaLiga;9;07/11/2020;D;FC Barcelona (6.);Real Betis (8.);05:02;AC;61';03:01;Penalty;
Saison 20/21;;;;;;;;;82';04:02;Tir du pied gauche;Sergi Roberto
Saison 20/21;LaLiga;11;29/11/2020;D;FC Barcelona (5.);CA Osasuna (14.);04:00;AiD;73';04:00;Tir du pied gauche;Francisco Trincão
Saison 20/21;LaLiga;13;13/12/2020;D;FC Barcelona (5.);UD Levante (17.);01:00;AC;76';01:00;Tir du pied gauche;Frenkie de Jong
Saison 20/21;LaLiga;14;19/12/2020;D;FC Barcelona (4.);FC Valencia (14.);02:02;AC;45'+4;01:01;Tête;
Saison 20/21;LaLiga;15;22/12/2020;E;FC Barcelona (5.);Real Valladolid (18.);00:03;MO;65';00:03;Tir du pied gauche;Pedri
Saison 20/21;LaLiga;2;06/01/2021;E;FC Barcelona (1.);Athletic (18.);02:03;AC;38';01:02;Tir du pied gauche;Pedri
Saison 20/21;;;;;;;;;62';01:03;Tir du pied gauche;Antoine Griezmann
Saison 20/21;LaLiga;18;09/01/2021;E;FC Barcelona (3.);FC Granada (7.);00:04;AC;35';00:02;Tir du pied gauche;Antoine Griezmann
Saison 20/21;;;;;;;;;42';00:03;Coup-franc direct;
Saison 20/21;Coupe du Roi;Achtelfinale;27/01/2021;E;FC Barcelona ;Rayo Vallecano;01:02;AC;69';01:01;Tir du pied gauche;Antoine Griezmann
Saison 20/21;LaLiga;21;31/01/2021;D;FC Barcelona (3.);Athletic (11.);02:01;AC;20';01:00;Coup-franc direct;
Saison 20/21;LaLiga;22;07/02/2021;E;FC Barcelona (3.);Real Betis (7.);02:03;AC;59';01:01;Tir du pied gauche;Ousmane Dembélé
Saison 20/21;LaLiga;23;13/02/2021;D;FC Barcelona (3.);Alavés (16.);05:01;AC;45'+1;02:00;Tir du pied gauche;Sergio Busquets
Saison 20/21;;;;;;;;;75';04:01;Tir du pied gauche;Antoine Griezmann
Saison 20/21;UEFA Champions League;Achtelfinale;16/02/2021;D;FC Barcelona ;Paris SG;01:04;AC;27';01:00;Penalty;
Saison 20/21;LaLiga;24;21/02/2021;D;FC Barcelona (3.);Cádiz CF (15.);01:01;AC;32';01:00;Penalty;
Saison 20/21;LaLiga;1;24/02/2021;D;FC Barcelona (3.);Elche CF (17.);03:00;AC;48';01:00;Tir du pied gauche;Martin Braithwaite
Saison 20/21;;;;;;;;;68';02:00;Tir du pied gauche;Frenkie de Jong
Saison 20/21;LaLiga;25;27/02/2021;E;FC Barcelona (4.);Séville FC (3.);00:02;AC;85';00:02;Tir du pied droit;Ilaix Moriba
Saison 20/21;UEFA Champions League;Achtelfinale;10/03/2021;E;FC Barcelona ;Paris SG;01:01;2S;37';01:01;Tir lointain;Pedri
Saison 20/21;LaLiga;27;15/03/2021;D;FC Barcelona (2.);SD Huesca (20.);04:01;2S;13';01:00;Tir du pied gauche;Sergio Busquets
Saison 20/21;;;;;;;;;90';04:01;Tir du pied gauche;Francisco Trincão
Saison 20/21;LaLiga;28;21/03/2021;E;FC Barcelona (2.);Real Sociedad (5.);01:06;2S;56';00:04;Tir du pied gauche;Sergio Busquets
Saison 20/21;;;;;;;;;89';01:06;Tir du pied gauche;Jordi Alba
Saison 20/21;Coupe du Roi;Finale;17/04/2021;E;FC Barcelona ;Athletic;00:04;AC;68';00:03;Tir du pied gauche;Frenkie de Jong
Saison 20/21;;;;;;;;;72';00:04;Tir du pied gauche;Jordi Alba
Saison 20/21;LaLiga;31;22/04/2021;D;FC Barcelona (3.);FC Getafe (15.);05:02;AC;8';01:00;Tir du pied gauche;Sergio Busquets
Saison 20/21;;;;;;;;;33';03:01;Tir du pied gauche;
Saison 20/21;LaLiga;33;29/04/2021;D;FC Barcelona (1.);FC Granada (8.);01:02;AC;23';01:00;Tir du pied gauche;Antoine Griezmann
Saison 20/21;LaLiga;34;02/05/2021;E;FC Barcelona (3.);FC Valencia (14.);02:03;AC;57';01:01;Tir du pied gauche;
Saison 20/21;;;;;;;;;69';01:03;Coup-franc direct;
Saison 20/21;LaLiga;36;11/05/2021;E;FC Barcelona (3.);UD Levante (14.);03:03;2S;25';00:01;Tir du pied gauche;
Saison 20/21;LaLiga;37;16/05/2021;D;FC Barcelona (3.);Celta de Vigo (8.);01:02;2S;28';01:00;Tête;Sergio Busquets
Saison 21/22;Saison 21/22;Saison 21/22;Saison 21/22;Saison 21/22;Saison 21/22;Saison 21/22;Saison 21/22;Saison 21/22;Saison 21/22;Saison 21/22;Saison 21/22;Saison 21/22
Saison 21/22;UEFA Champions League;Gruppenphase;28/09/2021;D;PSG;Manchester City;02:00;AiD;74';02:00;Tir du pied gauche;Kylian Mbappé
Saison 21/22;UEFA Champions League;Gruppenphase;19/10/2021;D;PSG;RB Leipzig;03:02;AiD;67';02:02;Tir du pied gauche;Kylian Mbappé
Saison 21/22;;;;;;;;;74';03:02;Penalty;
Saison 21/22;Ligue 1;14;20/11/2021;D;PSG (1.);FC Nantes (9.);03:01;AiD;87';03:01;Tir du pied gauche;Kylian Mbappé
Saison 21/22;UEFA Champions League;Gruppenphase;07/12/2021;D;PSG;FC Bruges;04:01;AC;38';03:00;Tir du pied gauche;Kylian Mbappé
Saison 21/22;;;;;;;;;76';04:01;Penalty;
Saison 21/22;Ligue 1;23;06/02/2022;E;PSG (1.);LOSC Lille (11.);01:05;AC;38';01:03;Tir du pied gauche;
Saison 21/22;Ligue 1;30;03/04/2022;D;PSG (1.);FC Lorient (16.);05:01;AiD;73';04:01;Tir du pied gauche;Kylian Mbappé
Saison 21/22;Ligue 1;34;23/04/2022;D;PSG (1.);RC Lens (7.);01:01;AiD;68';01:00;Tir du pied gauche;Neymar
Saison 21/22;Ligue 1;37;14/05/2022;E;PSG (1.);Montpellier (13.);00:04;AC;6';00:01;Tir du pied gauche;Kylian Mbappé
Saison 21/22;;;;;;;;;20';00:02;Tir du pied gauche;Kylian Mbappé
Saison 22/23;Saison 22/23;Saison 22/23;Saison 22/23;Saison 22/23;Saison 22/23;Saison 22/23;Saison 22/23;Saison 22/23;Saison 22/23;Saison 22/23;Saison 22/23;Saison 22/23
Saison 22/23;Trophée des Champions;Finale;31/07/2022;D;PSG;FC Nantes;04:00;AC;22';01:00;Tir du pied droit;
Saison 22/23;Ligue 1;1;06/08/2022;E;PSG (1.);Clermont Foot (8.);00:05;AC;80';00:04;Tir du pied gauche;Neymar
Saison 22/23;;;;;;;;;86';00:05;Tir du pied gauche;Leandro Paredes
Saison 22/23;Ligue 1;3;21/08/2022;E;PSG (1.);LOSC Lille (4.);01:07;AiD;27';00:02;Tir du pied droit;Nuno Mendes
Saison 22/23;UEFA Champions League;Gruppenphase;14/09/2022;E;PSG;Maccabi Haifa;01:03;AiD;37';01:01;Tir du pied gauche;
Saison 22/23;Ligue 1;8;18/09/2022;E;PSG (1.);Ol. Lyonnais (5.);00:01;AiD;5';00:01;Tir du pied gauche;Neymar
Saison 22/23;Ligue 1;9;01/10/2022;D;PSG (1.);OGC Nice (13.);02:01;MO;28';01:00;Coup-franc direct;
Saison 22/23;UEFA Champions League;Gruppenphase;05/10/2022;E;PSG;Benfica;01:01;AiD;22';00:01;Tir du pied gauche;Neymar
Saison 22/23;Ligue 1;12;21/10/2022;E;PSG (1.);AC Ajaccio (18.);00:03;AC;78';00:02;Tir du pied gauche;Kylian Mbappé
Saison 22/23;UEFA Champions League;Gruppenphase;25/10/2022;D;PSG;Maccabi Haifa;07:02;2S;19';01:00;Tir du pied gauche;Kylian Mbappé
Saison 22/23;;;;;;;;;45';04:01;Tir du pied gauche;Kylian Mbappé
Saison 22/23;Ligue 1;13;29/10/2022;D;PSG (1.);Troyes (11.);04:03;AiD;55';02:02;Tir du pied gauche;Sergio Ramos
Saison 22/23;Ligue 1;18;11/01/2023;D;PSG (1.);Angers SCO (20.);02:00;MO;72';02:00;Tir du pied droit;Nordi Mukiele
Saison 22/23;Ligue 1;21;01/02/2023;E;PSG (1.);Montpellier (14.);01:03;2S;72';00:02;Tir du pied gauche;Fabián Ruiz
Saison 22/23;Ligue 1;22;04/02/2023;D;PSG (1.);Toulouse (12.);02:01;2S;58';02:01;Tir du pied gauche;Achraf Hakimi
Saison 22/23;Ligue 1;24;19/02/2023;D;PSG (1.);LOSC Lille (5.);04:03;AC;90'+5;04:03;Coup-franc direct;
Saison 22/23;Ligue 1;25;26/02/2023;E;PSG (1.);Marseille (2.);00:03;2S;29';00:02;Tir du pied droit;Kylian Mbappé
Saison 22/23;Ligue 1;26;04/03/2023;D;PSG (1.);FC Nantes (13.);04:02;AC;12';01:00;Tir du pied gauche;
Saison 22/23;Ligue 1;30;08/04/2023;E;PSG (1.);OGC Nice (8.);00:02;AC;26';00:01;Tir du pied gauche;Nuno Mendes
Saison 22/23;Ligue 1;31;15/04/2023;D;PSG (1.);RC Lens (2.);03:01;AC;40';03:00;Tir du pied gauche;Kylian Mbappé
Saison 22/23;Ligue 1;37;27/05/2023;E;PSG (1.);R. Strasbourg (15.);01:01;AC;59';00:01;Tir du pied gauche;Kylian Mbappé
;;;;;;;;;;;;
Saison 22/23;Leagues Cup;Gruppenphase;22/07/2023;E;Inter Miami;CD Cruz Azul;01:02;AiD;90'+4;01:02;Coup-franc direct;
Saison 22/23;Leagues Cup;Gruppenphase;26/07/2023;D;Inter Miami;Atlanta;04:00;AiD;8';01:00;Tir du pied droit;
Saison 22/23;;;;;;;;;22';02:00;Tir du pied droit;Robert Taylor
Saison 22/23;Leagues Cup;1.Runde;03/08/2023;D;Inter Miami;Orlando;03:01;AiD;7';01:00;Tir du pied gauche;Robert Taylor
Saison 22/23;;;;;;;;;72';03:01;Tir du pied droit;Josef Martínez
Saison 22/23;Leagues Cup;Achtelfinale;07/08/2023;E;Inter Miami;Dallas;7:9 tab;AiD;6';00:01;Tir du pied gauche;Jordi Alba
Saison 22/23;;;;;;;;;85';04:04;Coup-franc direct;
Saison 22/23;Leagues Cup;Viertelfinale;12/08/2023;D;Inter Miami;Charlotte;04:00;AiD;86';04:00;Tir du pied gauche;Leonardo Campana
Saison 22/23;Leagues Cup;Halbfinale;16/08/2023;E;Inter Miami;Philadelphia;01:04;AiD;20';00:02;Tir du pied gauche;Josef Martínez
Saison 22/23;Leagues Cup;Finale;20/08/2023;E;Inter Miami;Nashville;10:11 tab;AiD;23';00:01;Tir du pied gauche;
Saison 22/23;MLS;28;27/08/2023;E;Inter Miami  (14.);New York (11.);00:02;AC;89';00:02;Tir du pied gauche;Benja Cremaschi
Saison 24/25;Saison 24/25;Saison 24/25;Saison 24/25;Saison 24/25;Saison 24/25;Saison 24/25;Saison 24/25;Saison 24/25;Saison 24/25;Saison 24/25;Saison 24/25;Saison 24/25
Saison 24/25;MLS;1;26/02/2024;E;Inter Miami (1.);LA Galaxy (2.);01:01;AiD;90'+2;01:01;Tir du pied gauche;Jordi Alba
Saison 24/25;MLS;2;02/03/2024;D;Inter Miami (1.);Orlando (10.);05:00;AiD;57';04:00;Torse;
Saison 24/25;;;;;;;;;62';05:00;Tête;Luis Suárez
Saison 24/25;CONCACAF Champions Cup;Achtelfinale;08/03/2024;E;Inter Miami;Nashville;02:02;AC;52';02:01;Non rapporté;Luis Suárez
Saison 24/25;CONCACAF Champions Cup;Achtelfinale;14/03/2024;D;Inter Miami;Nashville;03:01;AC;23';02:00;Tir du pied gauche;Diego Gómez
Saison 24/25;MLS;7;07/04/2024;D;Inter Miami (2.);Colorado (7.);02:02;AC;57';01:01;Tir du pied gauche;Franco Negri
Saison 24/25;MLS;8;14/04/2024;E;Inter Miami (2.);Kansas City (5.);02:03;AiD;51';01:02;Tir du pied gauche;David Ruíz
Saison 24/25;MLS;9;21/04/2024;D;Inter Miami (1.);Nashville (14.);03:01;AiD;11';01:01;Tir du pied gauche;Luis Suárez
Saison 24/25;;;;;;;;;81';03:01;Penalty;
Saison 24/25;MLS;10;28/04/2024;E;Inter Miami (1.);New England (15.);01:04;AiD;32';01:01;Tir du pied gauche;Robert Taylor
Saison 24/25;;;;;;;;;67';01:02;Tir du pied gauche;Sergio Busquets
Saison 24/25;MLS;11;05/05/2024;D;Inter Miami (1.);New York (3.);06:02;AiD;50';02:01;Tir du pied gauche;Luis Suárez
Saison 24/25;MLS;16;30/05/2024;D;Inter Miami (1.);Atlanta (12.);01:03;AiD;62';01:02;Tir du pied gauche;Sergio Busquets
Saison 24/25;MLS;17;02/06/2024;D;Inter Miami (1.);St. Louis CITY (11.);03:03;AiD;25';01:01;Tir du pied gauche;Jordi Alba
Saison 24/25;MLS;31;15/09/2024;D;Inter Miami (1.);Philadelphia (11.);03:01;AiD;26';01:01;Tir du pied droit;Luis Suárez
Saison 24/25;;;;;;;;;30';02:01;Tir du pied gauche;Jordi Alba
Saison 24/25;MLS;34;29/09/2024;D;Inter Miami (1.);Charlotte (6.);01:01;AiD;67';01:01;Tir du pied gauche;Marcelo Weigandt
Saison 24/25;MLS;35;03/10/2024;E;Inter Miami (1.);Columbus (2.);02:03;AiD;45';00:01;Tir du pied gauche;
Saison 24/25;;;;;;;;;45'+5;00:02;Coup-franc direct;
Saison 24/25;MLS;37;20/10/2024;D;Inter Miami (1.);New England (14.);06:02;AiD;78';04:02;Tir du pied gauche;Luis Suárez
Saison 24/25;;;;;;;;;81';05:02;Tir du pied gauche;Jordi Alba
Saison 24/25;;;;;;;;;89';06:02;Tir du pied gauche;Luis Suárez
Saison 24/25;MLS Cup Playoffs;1.Runde;10/11/2024;D;Inter Miami;Atlanta;02:03;AiD;65';02:02;Tête;Marcelo Weigandt
Saison 24/25;Saison 24/25;Saison 24/25;Saison 24/25;Saison 24/25;Saison 24/25;Saison 24/25;Saison 24/25;Saison 24/25;Saison 24/25;Saison 24/25;Saison 24/25;Saison 24/25
Saison 24/25;CONCACAF Champions Cup;1.Runde;20/02/2025;E;Inter Miami;Kansas City;00:01;2S;56';00:01;Tir du pied droit;Sergio Busquets
Saison 24/25;CONCACAF Champions Cup;1.Runde;26/02/2025;D;Inter Miami;Kansas City;03:01;2S;19';01:00;Tir du pied gauche;Luis Suárez
Saison 24/25;CONCACAF Champions Cup;Achtelfinale;14/03/2025;E;Inter Miami;Cavalier FC;00:02;;90'+2;00:02;Tir du pied gauche;Santiago Morales
Saison 24/25;MLS;4;17/03/2025;E;Inter Miami (2.);Atlanta (11.);01:02;AC;20';01:01;Tir du pied gauche;
Saison 24/25;MLS;6;30/03/2025;D;Inter Miami (3.);Philadelphia (1.);02:01;AiD;57';02:00;Tir du pied droit;Luis Suárez
Saison 24/25;MLS;7;07/04/2025;D;Inter Miami (1.);Toronto (14.);01:01;AC;45'+5;01:01;Tir du pied gauche;Telasco Segovia
Saison 24/25;CONCACAF Champions Cup;Viertelfinale;10/04/2025;D;Inter Miami;LAFC;03:01;2S;35';01:01;Tir du pied gauche;
Saison 24/25;;;;;;;;;84';03:01;Penalty;
Saison 24/25;MLS;11;04/05/2025;D;Inter Miami (5.);New York (8.);04:01;AC;67';04:01;Tir du pied gauche;Telasco Segovia
Saison 24/25;MLS;12;10/05/2025;E;Inter Miami (4.);Minnesota (2.);04:01;AC;48';02:01;Tir du pied gauche;Jordi Alba
Saison 24/25;MLS;15;25/05/2025;E;Inter Miami (6.);Philadelphia (1.);03:03;AC;87';03:02;Coup-franc direct;
Saison 24/25;MLS;16;29/05/2025;D;Inter Miami (7.);Montréal (15.);04:02;AC;27';01:00;Tir du pied gauche;Sergio Busquets
Saison 24/25;;;;;;;;;87';04:01;Tir du pied gauche;Luis Suárez
Saison 24/25;MLS;17;01/06/2025;D;Inter Miami (6.);Columbus (4.);05:01;AC;15';02:00;Tir du pied gauche;
Saison 24/25;;;;;;;;;24';03:00;Tir du pied gauche;Sergio Busquets
Saison 24/25;Mondial des clubs;Gruppenphase;19/06/2025;D;Inter Miami;FC Porto;02:01;2S;54';02:01;Coup-franc direct;
Saison 24/25;MLS;22;06/07/2025;E;Inter Miami (6.);Montréal (15.);01:04;AiD;40';01:02;Tir du pied gauche;Luis Suárez
Saison 24/25;;;;;;;;;62';01:04;Tir du pied gauche;Luis Suárez
Saison 24/25;MLS;23;10/07/2025;E;Inter Miami (6.);New England (11.);01:02;AC;27';00:01;Tir du pied gauche;
Saison 24/25;;;;;;;;;38';00:02;Tir du pied gauche;Sergio Busquets
Saison 24/25;MLS;23;13/07/2025;D;Inter Miami (6.);Nashville (2.);02:01;AC;17';01:00;Coup-franc direct;
Saison 24/25;;;;;;;;;62';02:01;Tir du pied gauche;
Saison 24/25;MLS;25;20/07/2025;E;Inter Miami (5.);New York (8.);01:05;AC;60';01:04;Tir du pied gauche;Sergio Busquets
;;;;;;;;;75';01:05;Tir du pied gauche;Luis Suárez
